ID,Vazao Media,Vazao atual,Milimitro hora,Milimitro do dia,Milimitro em sete dias,Temperatura,Velocidade do Vento,Costa,Cidade,Vegetacao,Montanha,Solo,Notas,Alagou
0,32754,48633,32,27,29,30,64,False,False,True,True,arenoso,,False
1,62551,99277,0,63,57,13,15,False,True,True,True,humifero,Historicamente alagavel,True
2,69101,107060,0,9,107,17,20,False,True,False,True,Arenoso,,True
3,44227,44825,0,70,85,22,13,True,False,False,False,Arenoso,Historicamente alagavel,False
4,27676,14443,41,2,348,18,99,False,False,True,False,argiloso,,False
5,132814,133275,0,3,243,27,21,False,False,True,True,humifero,,False
6,24279,31265,10,26,60,14,26,True,True,True,False,Arenoso,,False
7,8560,11940,0,61,49,16,8,True,False,False,True,humifero,,False
8,78484,70664,0,55,56,21,28,True,True,False,False,ARGILOSO,,False
9,46847,43990,24,48,78,10,42,True,False,True,True,Arenoso,,False
10,56077,48325,0,1,296,23,8,True,False,True,False,Arenoso,,False
11,124047,83633,11,4,118,24,44,True,False,True,False,Arenoso,,False
12,72584,95390,11,24,374,17,62,True,False,False,True,,,False
13,101923,116579,11,23,96,5,59,False,False,True,False,Humífero,,False
14,81904,62620,17,32,156,12,42,True,False,True,False,Arenoso,,False
15,112656,147419,0,7,82,31,23,False,True,False,True,argiloso,,True
16,32330,43254,0,42,65,14,24,False,False,False,False,Arenoso,,False
17,123129,9439437,20,56,108,25,21,True,False,True,False,Argiloso,,True
18,177140,203376,0,26,166,18,5,False,True,True,True,arenoso,,False
19,103591,115235,0,5,312,30,16,False,False,True,False,Arenoso,,False
20,102410,11930084,27,4,21,24,99,True,False,True,False,Arenoso,Historicamente alagavel,True
21,174262,234316,0,20,364,9,25,True,False,True,True,Arenoso,,False
22,16905,21388,0,79,160,15,9,False,False,False,False,ARENOSO,,False
23,16482,13480,0,38,92,9,11,True,True,True,False,,,False
24,150823,143404,3,38,83,8,34,False,True,True,False,Humífero,,False
25,58884,90360,21,1,358,27,59,True,False,True,False,arenoso,,True
26,22320,25802,0,64,265,15,21,False,True,True,True,arenoso,,False
27,136306,180621,5,28,36,6,17,False,False,True,False,ARENOSO,,False
28,47168,56764,10,55,316,22,49,True,False,True,False,Humífero,,False
29,90344,92515,0,57,282,23,11,False,False,True,True,Argiloso,,False
30,11236,9339,12,17,225,30,54,False,False,False,True,ARENOSO,Mare alta,False
31,71019,77820,17,2,183,27,62,False,True,False,True,Argiloso,,False
32,93855,140282,0,71,155,14,11,False,False,True,False,ARGILOSO,,False
33,37072,58735,0,6,290,29,8,False,True,False,True,Humífero,Mare alta,True
34,29143,20495,2,45,113,17,21,False,False,True,True,Arenoso,Historicamente alagavel,False
35,107356,164199,1,50,144,12,20,True,False,True,False,arenoso,,True
36,26762,39325,0,17,151,141,5,True,False,False,True,ARENOSO,,True
37,18542,18391,0,7,271,29,37,True,True,True,False,arenoso,,False
38,108792,193605,4,13,187,26,14,True,False,True,False,Arenoso,,True
39,67785,72310,31,38,85,38,35,True,True,True,False,ARENOSO,,False
40,188444,245995,2,12,91,29,20,False,False,False,False,humifero,,False
41,71409,87432,36,1,229,17,94,True,True,True,False,Humífero,,False
42,64323,84986,45,17,79,348,58,True,False,True,True,Arenoso,,True
43,71981,84647,10,58,364,16,72,True,True,False,True,arenoso,,False
44,125700,177717,14,26,5,33,59,False,True,True,False,arenoso,,False
45,113551,127383,3,33,319,28,18,False,False,True,False,Arenoso,,False
46,115476,152311,0,45,143,14,14,False,True,True,False,,Historicamente alagavel,False
47,146603,178473,32,16,150,33,75,False,False,False,False,Humífero,,False
48,7028,11219,44,40,101,22,65,False,False,True,False,Argiloso,,True
49,112886,112141,0,30,228,21,15,False,True,False,True,humifero,,False
50,34701,40956,0,47,295,14,6,False,False,True,False,Arenoso,,False
51,6564,503733,0,58,295,0,15,False,False,True,True,arenoso,,True
52,45197,58838,0,1,343,12,31,False,True,True,False,Argiloso,,False
53,79183,100620,12,25,403,20,27,False,True,True,True,Arenoso,,True
54,3504,2442,1,38,20,14,6,False,False,False,True,argiloso,,False
55,125012,232816,44,88,44,37,48,True,True,True,True,Argiloso,,True
56,44226,65537,34,48,196,36,54,True,False,True,False,Humífero,,False
57,170022,291057,27,42,442,253,28,False,False,True,True,argiloso,,True
58,104926,130746,0,27,17,337,14,True,False,True,True,Humífero,,True
59,175515,133253,0,60,46,25,12,True,True,True,False,,Queimada Recente,False
60,14378,25825,0,89,119,20,4,True,True,False,False,humifero,,True
61,56178,83248,0,22,161,14,20,False,False,False,False,arenoso,Queimada Recente,False
62,101444,10504438,22,42,53,20,63,True,True,True,False,ARGILOSO,,True
63,101074,120566,2,55,169,21,26,False,False,False,False,argiloso,,False
64,18434,19026,0,60,110,26,6,False,False,True,False,Argiloso,,False
65,90948,118439,12,33,230,32,92,False,False,True,True,ARGILOSO,,True
66,45237,31962,0,83,274,22,20,True,False,False,False,humifero,,False
67,41103,44016,0,19,300,7,10,False,False,True,True,ARGILOSO,,False
68,42237,5840741,2,49,41,460,17,True,False,True,False,Humífero,Mare alta,True
69,144608,140219,0,51,44,11,11,False,False,True,False,ARGILOSO,,False
70,15308,24428,22,37,116,25,35,False,True,True,False,arenoso,,True
71,50115,54173,5,2,133,36,28,True,False,True,True,Argiloso,,True
72,38412,40276,0,76,277,22,28,False,False,True,True,Humífero,,False
73,97888,103282,0,8,235,28,23,False,True,False,False,Argiloso,Mare alta,False
74,7281,8231,29,16,166,22,29,True,False,True,True,Argiloso,Mare alta,True
75,110874,101289,0,18,20,29,3,True,False,False,False,arenoso,,False
76,124635,107842,0,3,131,32,19,False,False,True,True,arenoso,,True
77,87376,102443,3,8,106,25,18,True,False,True,False,Arenoso,,False
78,31310,21664,11,77,4,29,36,False,False,True,False,Argiloso,,False
79,9801,10735,0,31,156,254,26,True,False,True,False,Humífero,,False
80,194833,256767,0,48,28,33,27,True,False,True,False,ARGILOSO,,False
81,23516,29457,48,29,6,3,98,False,True,True,False,Arenoso,,False
82,30628,23053,0,4,239,6,9,False,True,True,True,arenoso,,False
83,60635,89887,22,25,48,18,45,False,False,True,True,ARENOSO,,False
84,38792,26943,21,29,168,10,81,False,True,True,True,Arenoso,,False
85,39597,58902,4,8,273,0,18,True,False,False,True,argiloso,,False
86,151771,170403,18,87,108,35,26,False,False,False,True,Argiloso,,True
87,5890,7662,0,25,123,484,24,False,True,True,True,ARENOSO,,True
88,111696,69901,21,22,301,10,50,False,False,False,False,arenoso,,False
89,82599,111064,44,48,311,22,56,False,True,False,False,arenoso,,True
90,10853,11512,0,13,181,21,7,True,True,True,False,humifero,,False
91,70510,77616,31,25,9,16,66,False,True,True,False,humifero,,False
92,74773,94445,0,27,154,17,16,True,False,True,True,ARGILOSO,,False
93,38312,38219,15,8,286,17,25,False,False,True,False,Arenoso,,False
94,38512,36419,29,42,302,25,47,False,True,True,True,humifero,,False
95,35675,56150,2,7,67,0,4,False,False,False,False,Humífero,Queimada Recente,True
96,108124,173339,33,67,117,12,30,False,False,True,False,Argiloso,Queimada Recente,True
97,31284,35329,0,9,402,401,20,False,True,True,False,argiloso,Queimada Recente,True
98,124279,124097,37,32,26,31,35,True,True,False,True,Argiloso,,True
99,31861,4989221,49,85,466,19,22,False,False,True,False,Argiloso,,True
100,89872,118364,15,73,231,30,50,False,True,True,True,Argiloso,,False
101,185841,269213,49,26,250,25,70,False,False,False,False,,,True
102,128623,187923,31,83,6,13,52,False,True,True,False,Arenoso,,False
103,87063,98936,15,51,115,23,34,False,False,True,False,Arenoso,,False
104,98195,185118,0,94,113,20,15,False,False,True,True,Arenoso,,True
105,37185,41262,48,10,255,32,56,False,False,False,False,arenoso,,True
106,169981,237376,0,14,182,22,32,False,False,True,True,Argiloso,,False
107,31678,38889,19,14,196,26,31,False,False,True,True,arenoso,,False
108,62456,103995,0,35,121,32,15,False,False,False,False,Humífero,Mare alta,True
109,15240,16122,0,4,152,25,7,False,False,False,False,Humífero,,False
110,55296,84359,0,30,300,2,11,False,False,False,False,Arenoso,,True
111,45420,74789,33,88,83,11,55,False,False,True,True,ARENOSO,,True
112,104684,109441,12,1,62,16,78,False,False,False,True,humifero,,False
113,44251,74472,8,55,164,110,11,False,False,False,True,Argiloso,,True
114,35924,31744,14,25,49,23,59,False,False,True,False,ARENOSO,Historicamente alagavel,False
115,43505,38469,0,0,194,21,33,False,False,False,True,argiloso,,False
116,119930,86002,34,61,164,13,29,False,True,True,False,Arenoso,,False
117,41750,51735,0,73,231,18,14,False,False,True,False,Humífero,,False
118,104707,118491,8,55,36,15,22,False,True,False,False,ARGILOSO,Queimada Recente,False
119,21248,42254,0,16,139,32,8,True,True,True,False,Argiloso,,True
120,186377,186125,0,54,114,29,15,True,False,True,False,ARGILOSO,,False
121,28064,49861,6,30,271,26,6,False,True,True,True,humifero,,True
122,50306,50129,0,36,203,24,11,False,False,False,True,arenoso,,False
123,57212,55358,21,92,67,17,28,True,False,False,False,Argiloso,,False
124,32725,44207,0,50,115,29,15,False,False,True,True,humifero,,False
125,57133,7709193,0,72,246,19,8,False,False,True,False,argiloso,,True
126,114072,146105,8,25,358,24,13,False,False,False,False,Humífero,,False
127,86883,126299,20,18,218,13,58,True,True,False,False,arenoso,,False
128,182643,249785,0,43,225,154,3,False,False,True,False,humifero,Mare alta,False
129,116100,162448,0,65,214,23,29,False,False,True,False,,,False
130,34780,27799,24,32,79,13,46,False,True,False,True,argiloso,,False
131,47074,59231,0,44,215,5,22,False,True,True,True,Arenoso,,False
132,106483,170363,21,34,335,15,31,True,True,True,False,Argiloso,,True
133,12774,15142,13,7,151,23,43,False,True,True,False,Argiloso,,False
134,28617,43383,0,26,189,19,12,True,False,True,False,,,True
135,104477,162665,0,38,195,3,20,False,True,True,False,Argiloso,,True
136,107927,99379,23,27,73,32,39,False,False,True,False,Arenoso,Queimada Recente,False
137,157101,280253,0,62,30,16,29,True,True,True,True,arenoso,,True
138,46398,34531,48,18,450,6,44,False,False,True,False,argiloso,,False
139,29250,32452,0,41,96,444,13,False,False,True,True,Argiloso,,True
140,45725,71349,0,3,67,7,6,False,False,True,False,argiloso,,True
141,139759,222710,0,67,17,18,15,False,False,True,False,humifero,,True
142,10669,16815,0,84,200,5,6,False,True,True,False,Arenoso,,True
143,72350,59675,13,16,221,29,50,False,False,True,False,ARGILOSO,,False
144,59878,49964,18,5,107,20,26,True,True,True,False,ARENOSO,,False
145,104286,130167,15,36,76,316,36,False,False,False,True,Argiloso,,True
146,40885,69982,16,62,133,7,39,False,False,True,True,Arenoso,,True
147,39412,56362,4,4,14,18,7,True,True,True,False,ARENOSO,,False
148,148168,193479,0,29,221,23,4,False,False,True,False,arenoso,,False
149,30446,41391,7,70,80,17,9,False,True,False,True,argiloso,,False
150,20478,20684,16,13,307,34,63,False,False,True,True,ARENOSO,,True
151,25497,31449,0,52,12,20,8,True,False,False,False,arenoso,,False
152,5022,8297,0,5,240,32,20,False,False,False,False,ARENOSO,,True
153,24783,38891,0,27,382,25,7,False,False,True,True,Arenoso,,True
154,116561,120876,0,65,92,15,7,False,False,True,True,Arenoso,Queimada Recente,False
155,59921,54621,3,66,434,11,31,False,False,False,False,ARGILOSO,,False
156,109092,127461,0,9,288,16,11,False,True,False,True,argiloso,Mare alta,False
157,193396,196516,0,42,111,35,27,False,False,True,False,,,False
158,125520,191754,17,4,8,298,23,False,True,False,True,Argiloso,,True
159,76553,95677,7,66,28,20,5,True,False,False,False,arenoso,,False
160,69398,85420,53,21,77,9,53,False,True,True,False,ARGILOSO,,False
161,146623,189005,20,9,65,27,36,True,False,True,True,argiloso,,False
162,5204,6250,55,55,146,29,74,True,True,False,False,Arenoso,,True
163,84357,118251,3,54,221,22,29,False,False,False,True,Argiloso,Queimada Recente,False
164,33975,23604,0,1,14,16,33,False,False,True,True,ARGILOSO,,False
165,12289,11929,0,40,252,2,5,False,False,True,False,arenoso,Historicamente alagavel,False
166,15497,16740,0,14,191,15,13,False,False,False,False,humifero,,False
167,78762,109003,0,39,339,225,14,True,True,True,False,Argiloso,,False
168,10654,14677,0,40,122,22,22,False,False,True,False,argiloso,,False
169,21671,16857,0,21,62,20,13,False,False,True,True,arenoso,,False
170,104184,128280,0,77,214,20,12,False,False,True,False,Arenoso,,False
171,91125,121096,0,16,291,15,26,False,True,True,False,Argiloso,,False
172,18929,13320,43,10,333,28,95,False,False,True,True,argiloso,Mare alta,False
173,185343,336962,27,83,58,10,70,False,True,False,True,humifero,,True
174,172342,115614,18,80,346,25,48,False,True,False,False,Arenoso,,False
175,4018,6493,0,20,47,3,6,True,True,True,False,Arenoso,Historicamente alagavel,True
176,71973,71183,0,51,44,38,11,False,False,True,False,ARGILOSO,,False
177,8993,6857,35,21,81,2,22,False,False,True,False,Argiloso,,False
178,150044,182714,19,3,221,28,51,False,False,False,False,Arenoso,Mare alta,False
179,25595,44558,38,18,199,14,47,False,False,True,True,argiloso,,True
180,152428,10017023,0,7,207,31,7,False,True,True,False,arenoso,,True
181,43465,57259,0,40,78,15,12,False,False,True,False,Arenoso,,False
182,42354,60510,0,7,131,25,7,False,True,True,True,arenoso,,False
183,20409,21079,6,64,88,22,8,True,False,True,False,Argiloso,Queimada Recente,False
184,105209,140771,54,3,74,27,22,False,False,False,False,ARGILOSO,,True
185,80753,7950227,14,9,279,27,54,True,True,True,False,humifero,,True
186,148569,140051,29,6,68,24,23,False,True,True,True,arenoso,,False
187,12536,10319,0,40,303,15,22,True,False,True,False,humifero,,False
188,96964,106844,0,22,164,37,16,False,False,False,False,,,False
189,19094,14994,0,9,305,17,23,True,False,True,False,Argiloso,Queimada Recente,False
190,138896,219221,45,71,140,20,37,True,False,True,True,Arenoso,,True
191,14812,17164,0,71,133,14,21,True,False,True,False,Arenoso,,False
192,135116,208358,0,27,6,28,12,True,False,True,False,arenoso,,True
193,84800,133714,51,34,388,15,40,False,True,False,True,Arenoso,,True
194,64544,93802,24,20,127,22,49,True,False,True,False,,,False
195,64846,52664,0,1,97,27,10,True,True,True,True,argiloso,,False
196,34889,32477,0,22,260,114,18,False,True,False,False,argiloso,Queimada Recente,False
197,37391,5511078,12,40,407,23,33,False,False,True,False,ARENOSO,,True
198,36285,34964,17,76,31,3,21,False,False,True,True,arenoso,,False
199,39864,47134,2,49,193,27,24,True,False,False,False,arenoso,,False
200,21678,22059,28,41,141,9,23,True,True,True,False,Arenoso,Mare alta,True
201,140806,173809,0,22,234,0,8,True,False,True,True,arenoso,,False
202,128022,143649,0,39,95,15,38,False,False,True,False,ARGILOSO,Historicamente alagavel,False
203,11786,1184881,0,42,200,6,18,False,True,True,False,Arenoso,Queimada Recente,True
204,121077,188569,29,32,37,19,76,True,True,True,False,Argiloso,,True
205,69350,91656,34,36,6,26,61,False,False,True,True,Humífero,,False
206,72356,63953,33,21,12,4,54,True,False,True,True,humifero,,False
207,125693,140069,0,64,441,11,17,False,False,True,True,arenoso,,False
208,89038,67816,13,61,84,12,58,False,True,True,False,ARGILOSO,,False
209,176372,233251,0,13,268,13,16,True,True,False,False,,,False
210,72299,77676,0,32,63,26,15,True,True,False,False,humifero,,False
211,165645,248720,0,16,134,12,19,False,True,True,True,Arenoso,,True
212,50900,54712,24,67,139,300,33,True,False,True,True,,,True
213,36552,29337,9,16,2,13,20,True,False,True,False,humifero,,False
214,98556,106201,0,1,176,0,9,True,False,False,False,humifero,,False
215,81765,86973,12,42,171,233,70,False,False,True,False,Argiloso,,False
216,127292,233518,5,48,32,-3,27,False,False,True,True,humifero,,True
217,14596,1595058,0,55,139,27,17,False,True,True,True,Argiloso,Mare alta,True
218,62930,61216,22,30,83,25,21,False,False,False,True,humifero,,False
219,113871,135297,0,24,323,16,21,False,False,False,False,ARENOSO,Historicamente alagavel,False
220,22351,34481,45,23,46,29,30,True,True,False,False,ARGILOSO,,True
221,50590,49213,17,12,37,23,61,True,True,True,True,,,False
222,14602,23015,0,28,253,17,6,True,False,False,False,humifero,,True
223,73372,95513,23,3,333,31,52,False,True,True,False,Argiloso,,False
224,43120,61071,54,20,145,9,88,False,False,True,False,argiloso,Queimada Recente,False
225,59125,90375,0,2,53,32,4,True,False,True,False,argiloso,,True
226,125756,146288,0,29,13,26,10,False,False,False,False,Argiloso,,False
227,34571,59237,0,13,35,27,28,False,False,False,True,Arenoso,,True
228,101008,12096001,0,35,455,8,12,False,False,True,False,humifero,,True
229,113133,112457,19,40,287,20,28,False,False,True,False,,,False
230,130254,163353,13,52,82,2,40,False,False,False,True,humifero,,False
231,54193,32625,8,44,380,21,8,False,False,True,False,,,False
232,152965,179180,54,69,315,21,33,True,True,True,False,,,False
233,97332,151311,14,93,172,32,64,False,True,True,True,Arenoso,,True
234,43403,30338,13,8,121,37,72,False,True,True,False,ARGILOSO,,False
235,40816,25899,0,32,128,27,30,False,True,False,True,ARGILOSO,,False
236,65026,88059,0,63,98,27,7,False,True,False,True,argiloso,,False
237,97233,101845,0,10,80,1,12,False,False,True,False,Argiloso,,False
238,31052,29943,31,5,244,22,21,True,False,False,False,argiloso,Mare alta,True
239,139183,134252,0,51,196,6,4,False,False,True,False,Argiloso,,False
240,14375,10763,0,18,46,22,5,False,False,True,True,ARGILOSO,,False
241,87122,103517,45,46,330,19,41,False,True,False,False,Argiloso,,True
242,23386,17577,0,49,236,13,22,True,False,False,False,Humífero,,False
243,189766,220657,58,69,119,299,48,False,False,True,False,arenoso,,False
244,99059,89927,0,56,391,33,21,False,True,False,True,Humífero,,True
245,46468,64825,0,10,46,28,2,True,False,True,False,Arenoso,,False
246,19025,29004,19,39,181,36,53,False,False,False,False,,,True
247,44277,78305,0,10,96,18,5,False,False,True,False,humifero,,True
248,42588,57407,0,43,495,5,5,False,False,True,False,ARENOSO,,False
249,107755,149823,37,4,250,34,37,False,True,True,False,Arenoso,,False
250,25436,14865,25,19,5,14,31,False,True,True,False,arenoso,,False
251,151253,290216,11,65,152,24,39,True,True,True,False,ARENOSO,Queimada Recente,True
252,135989,237378,0,27,247,38,12,False,False,True,True,arenoso,,True
253,93306,130098,7,60,171,0,11,False,False,True,False,Argiloso,,False
254,8603,16984,0,46,136,17,6,False,False,False,False,Arenoso,,True
255,20651,17111,15,62,54,20,23,False,False,True,True,argiloso,Mare alta,False
256,154587,126538,24,12,29,15,32,False,True,True,False,humifero,,False
257,60700,93638,0,20,14,23,1,True,False,True,False,arenoso,,True
258,96708,165926,3,69,133,17,18,False,True,True,True,Argiloso,,True
259,47792,56814,0,7,67,0,18,False,False,True,False,ARGILOSO,,False
260,78765,92646,0,10,2,11,13,True,True,True,True,ARENOSO,,False
261,106204,16813468,0,57,38,24,11,False,False,True,False,ARGILOSO,,True
262,108597,141440,25,19,23,23,53,False,False,True,True,Arenoso,,False
263,104063,145258,0,71,124,14,16,False,False,True,True,Arenoso,Queimada Recente,False
264,136307,123382,0,7,158,24,14,False,False,False,False,Arenoso,Queimada Recente,False
265,44756,25311,37,45,183,16,83,False,True,True,False,ARGILOSO,,False
266,112412,129537,0,72,41,-1,12,False,True,False,True,Argiloso,,False
267,36935,41678,0,40,189,20,24,False,True,True,False,humifero,Historicamente alagavel,False
268,80730,122983,0,23,203,369,18,False,True,True,False,Arenoso,,True
269,72570,115634,21,43,201,24,88,False,True,True,False,Argiloso,,True
270,68247,132654,0,17,37,9,4,True,True,True,False,Argiloso,,True
271,52162,58471,41,37,193,21,48,False,False,True,False,ARENOSO,,False
272,59078,115891,56,14,84,19,32,True,False,False,False,ARENOSO,,True
273,93326,140419,7,25,72,29,17,False,False,True,False,ARENOSO,,True
274,83486,80521,0,17,52,30,29,True,False,False,False,arenoso,,False
275,11310,21717,28,14,234,25,54,False,False,True,False,Argiloso,,True
276,14212,21950,49,51,364,26,61,True,False,True,False,Argiloso,Historicamente alagavel,True
277,137869,151523,4,1,15,13,18,True,False,True,True,arenoso,,False
278,6809,7321,37,35,106,23,56,True,False,True,False,ARGILOSO,,False
279,52513,7538742,0,29,35,35,9,False,False,False,False,arenoso,,True
280,52183,8800650,0,29,100,37,25,False,False,True,False,Humífero,,True
281,54123,55191,0,19,342,20,21,False,False,True,False,arenoso,,False
282,115225,136461,0,94,100,29,31,True,True,True,False,Arenoso,,False
283,87899,55667,0,75,308,15,29,False,False,True,False,Argiloso,Historicamente alagavel,False
284,54152,68622,15,72,198,34,30,False,False,False,True,argiloso,,True
285,43054,46104,7,86,326,20,14,False,False,True,True,Arenoso,,False
286,103502,118799,0,3,120,32,24,False,True,False,False,arenoso,,False
287,12032,21787,27,81,181,28,57,True,False,True,False,Arenoso,,True
288,47017,73136,18,34,157,30,33,False,False,True,True,Arenoso,,True
289,44096,62800,21,7,121,306,29,False,False,True,True,Humífero,,True
290,23706,22773,0,25,153,33,11,False,False,True,False,argiloso,,False
291,7802,11501,0,32,318,27,12,True,False,True,False,arenoso,Queimada Recente,False
292,104075,85922,0,30,221,32,14,True,False,True,False,Arenoso,Historicamente alagavel,False
293,76004,102271,28,39,142,2,58,False,False,True,True,humifero,,False
294,61132,75066,5,40,393,23,10,False,False,False,True,ARGILOSO,Queimada Recente,False
295,30441,30907,8,66,225,17,12,True,False,True,False,,,False
296,145267,212077,0,17,178,29,22,True,False,True,True,ARENOSO,,False
297,43802,33362,0,47,73,14,13,False,True,True,True,Humífero,,False
298,13162,14149,0,52,308,22,7,False,True,True,False,Argiloso,,False
299,156332,109000,0,29,41,0,13,True,True,True,False,humifero,,False
300,85472,15802182,0,39,38,16,9,False,False,True,False,arenoso,,True
301,29910,46038,0,21,283,34,13,False,False,False,False,ARGILOSO,,True
302,83875,114808,22,15,193,24,46,True,False,True,True,Argiloso,,False
303,28517,22697,0,21,302,28,6,False,False,False,True,arenoso,,False
304,71866,122650,0,19,200,26,21,False,False,True,False,ARGILOSO,,True
305,15013,11243,24,86,69,12,73,True,False,False,False,humifero,Queimada Recente,False
306,15614,18647,0,26,175,35,16,True,False,True,False,argiloso,,False
307,83448,113216,36,7,262,13,89,False,False,False,True,ARENOSO,Queimada Recente,False
308,30077,45707,47,28,199,17,105,False,False,False,False,Argiloso,,True
309,134141,11528002,0,58,5,32,8,False,False,True,False,Arenoso,,True
310,4764,2883,0,8,422,15,9,False,True,True,False,Arenoso,,True
311,115244,127855,0,21,131,8,20,True,True,False,False,arenoso,,False
312,137301,195213,2,26,27,8,8,False,False,False,False,Arenoso,,False
313,23125,25370,4,76,241,9,30,False,False,False,False,humifero,,False
314,93882,82735,11,57,199,33,32,True,False,False,False,argiloso,,False
315,17133,20046,16,33,28,34,21,True,False,True,True,ARENOSO,,True
316,123574,174817,25,2,230,9,63,True,True,True,False,humifero,,False
317,63538,58952,0,20,29,3,22,False,True,True,False,ARENOSO,,False
318,10299,10440,8,19,67,16,7,False,False,True,False,Argiloso,,False
319,48430,46418,0,24,298,17,20,True,True,True,True,Humífero,,False
320,89887,125406,0,1,286,23,12,False,False,True,False,Arenoso,,False
321,161862,181889,0,7,70,24,29,False,False,True,True,Humífero,,False
322,38012,34034,40,67,284,26,67,False,True,True,False,arenoso,,False
323,34414,3726665,0,46,21,15,11,False,False,True,True,,,True
324,147497,12591573,5,61,188,31,27,False,False,False,False,ARGILOSO,,True
325,53757,47191,11,35,73,24,21,False,False,False,False,humifero,Mare alta,False
326,129434,99948,0,68,201,22,23,False,True,False,True,ARGILOSO,Mare alta,False
327,34505,38940,0,31,178,30,11,True,False,True,False,arenoso,,False
328,17157,24790,25,9,20,7,31,False,True,True,True,Argiloso,,False
329,146266,239804,0,17,251,33,30,True,False,False,False,Argiloso,,True
330,35580,34347,25,3,57,26,88,False,False,False,False,argiloso,,False
331,52244,43899,0,17,316,8,13,False,False,True,False,Argiloso,,False
332,48674,80607,0,16,279,14,3,True,True,True,False,Humífero,,True
333,103128,8181307,31,2,71,29,24,False,False,True,False,Arenoso,,True
334,106415,118106,35,24,216,9,33,False,False,False,False,ARENOSO,,False
335,18531,27881,5,3,355,6,11,True,False,True,True,arenoso,,True
336,25390,21145,0,33,5,19,15,False,False,False,True,Argiloso,,False
337,146222,278056,48,79,102,13,54,False,False,True,False,Arenoso,,True
338,28740,39031,0,44,76,16,14,True,True,False,True,Arenoso,,False
339,19946,24842,0,41,375,24,5,False,True,True,False,Argiloso,,False
340,29069,29485,0,46,59,17,8,False,False,False,True,Arenoso,,False
341,80310,72282,35,46,85,34,67,False,False,True,False,Argiloso,,False
342,51108,75973,31,17,24,25,93,False,True,False,False,Arenoso,,False
343,17487,17072,0,13,176,6,11,False,False,False,False,Argiloso,Queimada Recente,False
344,115572,86928,0,41,329,9,22,False,True,True,False,,,False
345,160486,159063,0,4,114,345,26,True,False,True,False,Humífero,,False
346,25200,21454,1,36,125,7,29,True,False,True,False,ARENOSO,,False
347,85270,87003,28,32,266,30,23,False,False,True,False,Argiloso,,False
348,91450,101898,50,64,103,13,76,False,False,True,False,,,False
349,94621,55137,22,32,127,10,49,False,False,True,True,humifero,,False
350,113773,113716,42,23,149,38,55,False,False,False,False,Humífero,,True
351,10144,10014,19,46,106,18,25,True,True,False,True,argiloso,,False
352,124202,200818,0,61,90,21,19,True,False,True,True,arenoso,,True
353,18734,25347,25,32,222,12,78,False,True,True,False,ARGILOSO,,False
354,39598,40150,3,63,130,18,14,False,True,True,False,Arenoso,,False
355,125263,152436,0,24,58,31,13,False,False,False,False,Humífero,,False
356,89654,122187,34,16,107,33,42,False,False,False,False,arenoso,,False
357,38672,61564,0,35,164,30,29,False,True,True,False,Arenoso,,True
358,153110,145272,37,65,329,2,49,False,False,True,False,humifero,,False
359,8488,8738,0,15,180,29,24,False,True,True,False,Arenoso,,False
360,114527,129791,0,8,123,15,8,False,True,False,False,Arenoso,Historicamente alagavel,False
361,170250,268098,0,29,156,12,7,True,False,True,True,arenoso,,True
362,71014,86443,31,40,33,27,29,True,True,True,True,arenoso,,False
363,175505,202741,0,36,85,13,27,False,False,False,False,Arenoso,Mare alta,False
364,22475,38281,0,30,347,19,29,False,False,True,False,argiloso,,True
365,58809,61329,0,48,152,5,9,False,True,False,False,Arenoso,Mare alta,False
366,70113,79540,0,31,232,23,9,True,False,True,False,Arenoso,Queimada Recente,False
367,61089,63988,0,28,90,20,19,False,False,True,False,Humífero,,False
368,116608,112750,47,19,150,12,32,True,True,False,False,Argiloso,,True
369,24093,24133,0,6,143,12,2,False,True,True,False,Arenoso,Historicamente alagavel,False
370,22010,2292729,0,16,197,20,12,False,False,True,False,arenoso,Historicamente alagavel,True
371,139751,121167,0,1,164,24,8,False,True,False,False,ARGILOSO,Historicamente alagavel,False
372,56372,48378,20,14,300,21,55,False,False,True,False,ARENOSO,,False
373,38978,64990,9,15,46,19,11,False,True,True,False,Arenoso,,True
374,109298,157376,0,1,13,25,19,False,False,True,False,Arenoso,Queimada Recente,False
375,52697,56488,0,3,169,29,14,False,False,True,True,Humífero,,False
376,46661,64318,0,2,236,12,5,False,False,False,True,,,False
377,26438,2289650,11,18,45,15,88,True,False,True,True,arenoso,,True
378,109101,181211,39,72,49,25,60,True,False,True,False,arenoso,Historicamente alagavel,True
379,40832,28171,0,13,171,12,11,True,True,True,False,,,False
380,7830,10673,35,2,264,20,42,True,False,True,False,Argiloso,,False
381,15465,17059,0,2,10,20,14,False,False,True,True,Humífero,,False
382,152945,168497,50,89,272,17,43,True,True,True,True,ARGILOSO,,True
383,28536,22229,17,20,11,14,22,True,True,True,False,Humífero,,False
384,6544,12316,34,38,187,9,33,False,False,False,False,Humífero,,True
385,90708,53760,16,55,145,29,36,True,False,True,False,argiloso,,False
386,45078,59304,56,83,236,31,40,False,True,True,False,arenoso,,True
387,138229,166151,0,64,23,406,23,False,False,True,False,Argiloso,,False
388,131239,157073,20,1,36,27,73,False,True,True,False,Argiloso,,False
389,68973,64588,3,31,377,9,5,True,False,True,True,humifero,,False
390,17493,23869,60,69,277,8,60,True,True,True,False,Argiloso,Mare alta,True
391,60428,84518,0,55,189,27,16,False,False,False,True,Argiloso,Historicamente alagavel,False
392,160702,170602,0,69,233,24,14,False,False,True,False,ARENOSO,Queimada Recente,False
393,48638,3897506,0,59,122,335,37,True,True,True,False,Argiloso,,True
394,18563,23068,0,12,8,23,4,False,True,True,False,Arenoso,Mare alta,False
395,48789,39182,0,5,49,23,21,False,True,False,False,Humífero,,False
396,78017,85983,0,74,73,27,13,True,False,True,True,,,False
397,40058,6516745,26,8,113,19,39,False,False,True,True,Arenoso,,True
398,154254,154100,0,60,31,14,30,False,True,False,True,argiloso,Queimada Recente,False
399,22044,40429,2,17,50,12,5,False,False,True,False,arenoso,,True
400,96415,13751278,0,16,240,237,20,False,False,False,True,ARGILOSO,,True
401,150264,186901,0,18,50,22,33,False,True,False,False,ARGILOSO,,False
402,22620,28208,14,1,203,2,23,True,True,True,True,Argiloso,,False
403,52365,65931,0,45,231,1,7,False,False,True,False,arenoso,,False
404,97124,137046,55,31,149,33,28,False,True,False,False,Argiloso,,True
405,35776,29287,27,46,109,17,53,True,False,True,True,Arenoso,,False
406,10984,10096,0,12,73,16,8,False,False,True,True,argiloso,,False
407,152692,184003,0,45,16,32,4,False,True,True,False,Humífero,,False
408,84661,58078,22,10,100,30,26,False,False,True,False,ARENOSO,,False
409,6922,5724,5,53,77,20,5,False,False,True,True,humifero,,False
410,32906,4858314,15,54,15,18,52,False,False,True,False,ARENOSO,,True
411,7689,6508,35,64,188,24,31,False,True,True,False,ARENOSO,,False
412,144229,182905,25,11,119,25,22,False,True,True,False,humifero,,False
413,57434,81315,46,1,248,8,73,True,False,False,True,Humífero,,True
414,14924,23507,0,73,190,6,27,True,True,True,True,humifero,,True
415,8795,9733,5,12,391,23,5,True,True,False,True,arenoso,,False
416,69726,93796,12,66,42,15,26,False,True,True,False,arenoso,,False
417,93196,78595,14,14,9,8,34,False,True,True,False,arenoso,,False
418,44045,38268,0,54,422,10,4,False,False,True,True,ARGILOSO,Queimada Recente,False
419,3780,6033,34,24,91,12,80,True,False,True,False,ARENOSO,,True
420,109325,142527,0,64,161,24,22,False,False,True,False,Arenoso,,False
421,130613,173702,19,55,382,20,50,False,False,True,False,Humífero,Historicamente alagavel,False
422,149372,229610,47,50,144,19,31,False,False,False,False,Argiloso,Historicamente alagavel,True
423,132281,136743,44,22,335,6,45,True,True,True,False,Argiloso,,False
424,15239,13168,0,58,95,11,15,True,False,False,True,ARENOSO,Mare alta,True
425,175580,228565,14,23,29,15,23,False,False,True,False,arenoso,,False
426,114998,118841,0,41,276,25,17,True,True,True,True,arenoso,Queimada Recente,False
427,120093,127774,28,9,286,18,44,False,False,False,True,Arenoso,,False
428,89630,131480,0,69,104,26,16,False,True,True,False,Arenoso,,False
429,143001,193900,0,4,182,22,7,False,False,True,False,ARGILOSO,,False
430,4142,2877,26,85,60,13,88,False,False,True,False,ARGILOSO,,False
431,132639,152165,23,12,266,14,26,False,False,False,False,Arenoso,,False
432,19192,22516,0,66,78,330,25,False,False,False,False,humifero,,False
433,88737,157602,16,47,146,30,52,True,False,False,False,Argiloso,,True
434,134549,92249,25,29,110,2,68,False,False,True,True,humifero,,False
435,118910,182476,0,12,168,20,13,False,False,True,True,Arenoso,,True
436,197436,237043,0,22,21,5,34,True,True,False,True,humifero,,False
437,47483,72872,0,60,46,28,4,False,False,True,False,Humífero,,True
438,149327,161880,0,58,74,6,20,False,False,False,True,Humífero,,False
439,92919,120672,21,27,43,34,56,False,False,True,False,ARENOSO,,False
440,94595,161920,13,82,192,17,88,False,False,False,True,Arenoso,,True
441,103021,110574,20,1,51,26,51,False,False,True,True,ARGILOSO,,False
442,34060,28354,0,6,216,12,14,False,True,False,True,Argiloso,,False
443,68666,81557,36,14,167,6,57,False,True,True,False,arenoso,,False
444,58438,76803,13,1,29,28,60,False,False,True,False,Humífero,Historicamente alagavel,False
445,84422,107049,0,25,371,21,38,True,True,True,True,humifero,,False
446,46451,49545,46,95,47,205,47,False,True,False,False,Arenoso,,True
447,30910,38262,11,7,314,12,34,False,True,True,True,Argiloso,Mare alta,False
448,114376,100720,0,29,18,14,12,False,False,True,True,Arenoso,,False
449,36849,27751,0,70,98,35,31,False,False,False,True,Argiloso,,True
450,14654,13422,0,81,233,17,18,False,False,False,False,Arenoso,,False
451,55074,91395,7,18,133,24,24,False,True,True,True,humifero,,True
452,24280,13841,0,47,148,3,20,True,True,True,True,Argiloso,Historicamente alagavel,False
453,18721,21099,15,53,54,19,22,True,False,False,True,,Historicamente alagavel,False
454,81939,87162,0,27,85,378,9,False,False,True,False,arenoso,,False
455,92934,92262,0,43,78,24,26,False,True,True,True,argiloso,,False
456,32231,29641,61,22,259,26,95,False,True,True,False,Argiloso,,False
457,37650,60842,0,32,176,10,3,False,False,True,False,Argiloso,,True
458,17275,15390,0,29,97,21,22,False,False,True,True,Arenoso,,False
459,16610,26591,3,5,77,10,10,False,True,True,True,Arenoso,,True
460,129098,180455,3,62,388,6,7,False,False,True,False,humifero,,False
461,40590,41657,0,35,167,20,5,False,True,False,False,ARGILOSO,,False
462,67214,90945,0,5,442,422,32,True,False,True,False,Arenoso,,False
463,74822,86161,0,6,49,17,18,False,True,True,False,,,False
464,37199,47513,29,92,241,27,32,False,False,True,False,Argiloso,,False
465,47460,54173,15,38,16,38,49,False,False,True,False,arenoso,,False
466,32927,34042,14,80,83,457,22,False,False,False,True,Arenoso,,True
467,183588,173769,32,8,117,25,24,False,False,False,True,ARGILOSO,,False
468,83813,82858,16,8,94,20,66,True,False,True,False,Humífero,,False
469,83715,123052,0,16,94,25,8,False,False,False,False,Arenoso,,False
470,62906,8608492,7,22,36,31,19,True,False,False,True,Humífero,,True
471,90779,114671,14,28,133,16,45,False,True,True,False,Argiloso,,False
472,17427,13592,38,23,175,8,55,False,False,True,False,Argiloso,Mare alta,False
473,67996,82216,28,80,309,20,79,False,False,False,False,Arenoso,Queimada Recente,False
474,45664,47934,6,11,117,379,13,False,False,True,False,Argiloso,Mare alta,False
475,83578,72397,32,20,187,35,50,False,False,False,False,arenoso,,False
476,68770,35997,31,14,135,21,46,False,True,True,True,Argiloso,Queimada Recente,False
477,2501,2954,0,52,92,8,20,False,False,True,False,ARENOSO,,False
478,62404,95731,20,45,189,33,34,False,True,True,False,ARGILOSO,,True
479,34265,3653768,0,19,253,13,5,False,True,True,False,argiloso,,True
480,54446,58949,0,64,110,39,11,False,False,True,False,Arenoso,,False
481,116691,229421,15,59,285,17,56,False,False,True,False,Arenoso,Mare alta,True
482,168193,185558,0,10,137,32,9,True,False,False,True,ARGILOSO,,True
483,41717,50312,0,3,339,11,17,False,True,True,False,Argiloso,,False
484,136870,190645,15,20,17,430,81,False,False,True,False,Arenoso,Historicamente alagavel,False
485,71172,94004,4,45,68,22,8,False,False,True,True,arenoso,,False
486,14292,15330,29,23,199,16,25,True,False,False,False,Arenoso,,False
487,9643,12680,24,32,156,14,25,False,False,True,False,ARGILOSO,,False
488,138783,246114,0,33,351,21,14,True,False,True,True,humifero,Mare alta,True
489,99020,125942,0,52,204,10,27,False,True,False,False,arenoso,,False
490,23859,26903,0,58,122,22,10,False,True,False,False,arenoso,,False
491,21763,32653,7,19,271,25,4,False,False,True,False,Argiloso,,True
492,14659,26427,0,29,241,4,9,True,True,True,False,ARGILOSO,,True
493,66688,66705,0,54,298,25,8,True,False,True,False,Arenoso,Queimada Recente,False
494,109190,104343,0,3,100,19,28,False,True,True,True,Argiloso,,False
495,52039,75093,5,48,28,8,15,False,False,True,False,arenoso,,False
496,121939,144248,0,62,102,29,16,False,False,True,True,ARENOSO,,False
497,67894,43422,0,12,125,6,6,False,True,False,True,Arenoso,,False
498,31865,28069,33,33,51,18,51,False,False,False,False,ARGILOSO,,False
499,115303,170976,27,11,233,37,57,False,False,True,False,Argiloso,,False
500,22462,19159,29,80,159,34,50,False,False,False,False,arenoso,,False
501,101348,13786192,0,81,286,9,6,True,False,True,False,Argiloso,,True
502,93458,104000,39,77,70,30,74,False,False,True,False,arenoso,,True
503,118904,125248,0,20,337,29,27,False,False,True,True,Arenoso,,False
504,82320,69178,3,36,396,27,21,False,False,True,False,Arenoso,,False
505,116888,101504,56,13,39,13,30,False,False,True,True,argiloso,,False
506,101005,107833,12,14,24,23,64,False,False,False,False,arenoso,Historicamente alagavel,False
507,115896,123338,41,15,94,26,50,False,False,True,True,argiloso,Queimada Recente,False
508,132888,213526,11,36,342,16,53,False,True,True,False,Argiloso,,True
509,27930,34523,19,8,27,21,69,False,True,True,True,humifero,,False
510,33649,47096,15,87,119,371,63,False,True,True,True,ARGILOSO,,True
511,32843,42394,0,20,442,264,5,False,True,True,False,ARENOSO,,True
512,5236,8428,0,44,40,8,5,False,True,True,False,arenoso,,True
513,30211,22687,18,71,225,26,47,True,False,True,False,arenoso,,False
514,41469,55702,26,56,39,13,48,False,False,True,False,argiloso,,False
515,67763,39380,7,52,218,20,7,False,True,True,False,Argiloso,,False
516,22958,26456,0,31,113,14,14,False,False,True,True,Argiloso,,False
517,34089,29032,40,26,41,26,43,False,False,True,True,ARENOSO,,False
518,20734,23490,24,21,118,32,24,False,False,True,False,,,False
519,133151,193079,0,2,239,16,12,False,True,False,False,arenoso,,False
520,133614,99946,37,10,96,35,37,False,False,True,True,,,True
521,51605,54196,44,0,34,21,22,False,True,True,False,humifero,,False
522,87460,96088,42,6,14,27,23,True,False,False,False,humifero,Queimada Recente,True
523,57969,100609,16,34,82,0,77,False,True,True,False,arenoso,,True
524,89693,146141,22,46,358,14,31,True,False,True,False,Arenoso,,True
525,71983,54349,41,68,219,408,34,False,False,True,True,humifero,,True
526,99269,88961,0,91,235,25,22,False,False,False,False,Argiloso,,False
527,22346,35830,20,26,106,1,58,False,False,True,False,Argiloso,,True
528,103346,95696,0,24,200,27,8,False,False,True,False,Argiloso,,False
529,42051,36163,7,20,438,34,8,True,False,True,True,arenoso,,True
530,120983,164044,22,51,214,12,62,True,True,True,False,Argiloso,,False
531,11338,12518,0,32,11,301,36,False,True,False,False,Arenoso,Mare alta,False
532,183845,217665,0,13,373,23,7,False,True,True,False,argiloso,,False
533,49748,53228,0,5,79,31,38,True,False,True,True,ARENOSO,,True
534,117470,91581,0,65,183,15,37,False,False,True,False,Humífero,,False
535,63096,53027,10,11,108,25,63,True,False,True,True,ARENOSO,,False
536,103302,115190,0,40,143,35,25,False,False,False,True,Argiloso,,True
537,144608,160841,13,69,4,3,58,False,False,True,False,Arenoso,Queimada Recente,False
538,102034,153011,16,64,75,23,32,False,True,False,False,arenoso,,False
539,96514,138833,0,27,87,29,6,True,False,False,False,arenoso,,False
540,72067,66955,10,0,43,31,55,False,False,False,False,arenoso,,False
541,74053,59955,0,45,284,12,18,False,False,True,True,ARGILOSO,,False
542,94201,107070,41,30,16,25,91,False,False,False,True,ARENOSO,,True
543,55199,94000,0,7,117,12,29,False,True,True,True,,Historicamente alagavel,True
544,52464,48938,0,24,413,8,17,True,False,False,True,humifero,,False
545,17943,19117,56,38,65,16,94,False,False,True,True,Humífero,,False
546,77246,63226,0,30,144,192,9,False,True,True,False,Argiloso,,False
547,121159,128586,34,71,12,36,67,False,False,True,False,,,False
548,13604,16590,0,29,130,16,16,False,False,False,False,ARENOSO,,False
549,48776,59418,13,4,79,-4,59,False,False,False,True,arenoso,,False
550,49266,44081,31,47,160,-3,35,False,False,True,True,arenoso,,False
551,106985,71584,28,68,447,37,34,False,False,True,False,Arenoso,,False
552,9206,17819,24,32,119,8,37,False,False,True,False,arenoso,,True
553,15589,21188,0,12,218,16,12,False,True,False,False,Argiloso,,False
554,13110,19357,0,35,10,3,5,False,False,False,True,,,False
555,120997,96594,18,70,60,22,58,False,True,True,False,ARENOSO,,False
556,31334,54415,39,42,56,-1,57,False,False,True,False,Argiloso,,True
557,90598,75704,0,5,98,33,9,True,True,False,False,arenoso,,False
558,72057,72465,0,64,48,5,7,False,False,True,False,arenoso,,False
559,141233,83898,0,34,212,23,6,False,True,False,False,ARENOSO,Historicamente alagavel,False
560,57219,75778,22,62,203,35,60,False,False,True,True,Humífero,,True
561,160712,244100,0,51,262,19,29,False,False,True,False,Arenoso,,True
562,28204,49792,44,61,293,4,49,True,False,True,True,argiloso,,True
563,96871,102057,11,20,14,200,20,False,True,True,False,humifero,,False
564,128353,23848753,0,77,187,21,17,True,True,True,True,Arenoso,,True
565,49964,61011,22,1,160,20,36,False,False,False,False,ARENOSO,Historicamente alagavel,False
566,80990,107732,0,36,103,17,32,True,False,True,False,Humífero,,False
567,100965,112469,0,13,362,300,23,False,False,False,False,Argiloso,,False
568,111366,149890,13,22,170,32,48,False,True,True,False,Arenoso,,False
569,78284,77586,0,35,35,22,6,False,True,False,True,Arenoso,,False
570,21192,33618,0,73,136,13,6,False,True,True,False,ARGILOSO,,True
571,43508,36459,1,13,230,22,15,False,True,True,False,arenoso,,False
572,50610,68814,0,13,345,21,24,False,False,True,False,ARGILOSO,,False
573,80740,81059,19,46,60,34,64,False,False,False,False,Arenoso,,False
574,186733,212130,0,14,35,10,12,False,False,True,False,argiloso,,False
575,16629,2340097,22,4,16,26,42,False,False,True,False,ARGILOSO,,True
576,101288,95577,0,11,54,18,9,False,False,True,False,Argiloso,,False
577,83683,117656,0,9,190,11,12,False,False,False,False,ARENOSO,,False
578,5159,6419,0,1,19,14,4,False,False,True,False,argiloso,,False
579,118046,157920,0,66,305,11,12,True,True,False,False,humifero,,False
580,121763,227137,56,53,227,22,78,False,True,True,True,humifero,,True
581,55790,79981,0,3,340,22,23,False,False,True,False,Arenoso,,False
582,64406,82624,0,32,345,30,22,False,False,True,False,arenoso,,False
583,112598,180932,10,19,234,12,32,False,True,False,False,Humífero,,True
584,49665,54942,38,70,188,9,48,False,False,False,True,arenoso,,False
585,65748,97455,23,93,151,19,30,True,False,False,False,Arenoso,,False
586,64945,99543,0,49,291,19,27,False,True,False,True,Argiloso,,True
587,30618,27202,0,81,52,14,11,True,True,True,True,Arenoso,,False
588,23579,31516,6,58,109,267,17,False,True,False,False,Argiloso,,False
589,132133,176743,0,46,167,17,17,False,False,False,True,arenoso,Historicamente alagavel,False
590,3441,4410,0,69,229,24,23,False,True,False,True,Arenoso,,False
591,72915,75390,0,34,274,2,18,True,False,True,False,argiloso,,False
592,135847,172420,54,65,33,28,31,False,True,True,False,ARGILOSO,,False
593,92708,109712,0,20,144,22,18,False,False,True,False,Argiloso,Historicamente alagavel,False
594,109853,199848,10,8,345,0,45,True,False,False,False,Argiloso,,True
595,44952,31570,40,16,98,29,43,False,False,True,False,Humífero,,False
596,94480,83512,0,12,304,14,13,False,True,False,True,Arenoso,Historicamente alagavel,False
597,69454,112054,57,47,163,287,21,False,False,True,False,Argiloso,,True
598,151580,122148,0,26,312,21,15,True,False,True,True,,,False
599,12028,15566,27,68,58,19,64,False,False,False,False,Arenoso,Historicamente alagavel,False
600,133523,20325735,22,16,14,8,23,True,False,True,False,humifero,,True
601,112947,143329,0,16,27,16,34,False,False,True,False,Arenoso,,False
602,31580,33470,21,6,243,18,99,False,False,False,False,Arenoso,Queimada Recente,False
603,119661,96906,0,14,24,24,5,True,False,True,False,Arenoso,,False
604,32339,37238,18,3,52,3,26,True,True,True,False,humifero,,False
605,22075,23264,0,16,116,23,28,False,True,False,True,ARGILOSO,,False
606,5625,8663,0,10,109,12,19,False,True,False,False,,,True
607,154306,110733,0,47,77,25,25,True,False,False,False,argiloso,,False
608,72928,69925,0,16,94,31,21,True,True,True,True,arenoso,,True
609,82718,61294,0,52,39,11,23,True,True,True,False,arenoso,,False
610,56991,101266,13,53,201,27,41,True,True,True,False,Arenoso,,True
611,127508,207616,0,21,154,23,7,True,False,True,False,Arenoso,Historicamente alagavel,True
612,67699,120009,23,17,4,21,27,False,False,True,False,ARGILOSO,,True
613,28710,29244,0,12,7,17,8,True,False,False,False,Humífero,,False
614,79862,90791,0,20,466,211,20,False,True,True,True,Arenoso,,True
615,24779,2461522,0,28,278,10,28,True,False,True,False,Arenoso,Queimada Recente,True
616,13471,14136,15,20,256,23,70,True,False,True,True,arenoso,,False
617,38223,25790,0,13,127,23,32,False,False,True,True,Arenoso,,False
618,27932,2553023,19,42,69,12,21,False,False,False,False,Argiloso,,True
619,38098,47129,17,76,51,23,29,True,False,False,False,Argiloso,,False
620,33519,41891,32,36,156,35,45,True,False,False,True,Arenoso,Queimada Recente,True
621,118316,156503,0,41,87,2,6,False,False,True,False,ARENOSO,,False
622,131796,182750,15,6,4,15,83,True,False,True,True,arenoso,Queimada Recente,False
623,84154,81439,0,66,411,32,27,False,False,True,True,argiloso,,True
624,129629,149741,0,31,50,19,12,True,False,True,False,Argiloso,,False
625,14382,18013,0,10,236,21,5,False,False,False,False,argiloso,,False
626,72282,110138,29,76,89,238,58,False,False,False,False,argiloso,,True
627,185791,237247,0,10,141,11,19,False,False,True,False,Arenoso,,False
628,9258,11582,0,6,144,21,6,False,True,False,False,Argiloso,,False
629,78764,112170,3,4,13,19,25,True,False,True,True,arenoso,,False
630,19023,20405,0,34,254,23,20,True,True,False,True,Arenoso,,False
631,158884,137323,32,35,264,23,36,True,False,False,True,ARENOSO,,False
632,5739,6618,0,78,151,25,3,True,False,False,False,arenoso,,False
633,15864,19060,36,2,126,11,25,False,False,True,True,ARENOSO,Historicamente alagavel,False
634,148588,127302,0,11,269,32,17,False,False,False,False,arenoso,Historicamente alagavel,False
635,4499,7726,0,62,314,27,31,False,True,True,False,Arenoso,,True
636,81248,146742,51,12,71,21,72,True,False,True,True,Arenoso,,True
637,88332,81597,29,51,206,5,41,False,False,True,True,arenoso,,False
638,9367,14604,0,40,190,15,22,False,True,False,False,argiloso,,True
639,170944,168804,35,23,388,33,35,True,False,True,False,argiloso,,False
640,85241,117677,0,36,72,15,10,False,False,False,True,Argiloso,Historicamente alagavel,False
641,110109,181065,8,49,194,26,11,True,False,True,False,Arenoso,,True
642,16607,25206,34,53,235,8,24,False,True,True,False,Argiloso,,True
643,4307,326743,23,37,247,105,55,True,False,True,True,arenoso,Mare alta,True
644,84312,72149,0,46,259,30,7,False,False,True,False,Arenoso,,False
645,33663,36390,28,48,399,24,46,True,False,True,False,ARENOSO,,False
646,10046,13165,0,65,133,24,25,True,False,False,True,argiloso,Queimada Recente,False
647,174180,233783,21,72,161,7,80,False,False,True,True,arenoso,,False
648,87280,93171,9,37,135,25,9,True,False,True,True,Arenoso,,False
649,62130,77214,0,82,316,22,9,False,False,True,False,Argiloso,,False
650,76080,73315,0,7,93,36,8,False,False,True,False,arenoso,,False
651,96685,118638,0,44,84,3,18,False,True,False,False,ARGILOSO,,False
652,180614,158648,3,16,206,16,18,False,False,False,False,Argiloso,Mare alta,False
653,108748,102227,0,12,325,19,28,True,True,True,False,Arenoso,,False
654,42386,47414,4,12,7,17,15,True,False,True,False,Argiloso,,False
655,173886,169246,0,2,418,22,12,False,True,True,True,argiloso,,True
656,59414,45432,3,3,245,18,17,False,False,False,True,,,False
657,44540,51432,0,6,49,187,28,False,True,False,False,Argiloso,,False
658,77812,77282,0,1,306,201,16,False,False,True,False,Arenoso,,False
659,10837,8920,54,17,16,2,24,True,False,False,False,ARENOSO,,True
660,48713,67822,41,3,313,22,96,True,True,True,False,,,False
661,89920,116806,18,17,152,13,28,True,False,True,False,Arenoso,,False
662,141351,197919,0,21,232,30,11,False,True,False,False,,,False
663,169801,214534,17,51,91,5,42,False,False,True,False,arenoso,Historicamente alagavel,False
664,41761,51318,22,3,163,28,84,True,False,False,False,,,False
665,158745,111114,16,5,308,25,37,False,False,True,False,arenoso,,False
666,117998,159985,26,25,65,32,40,False,False,True,False,arenoso,,False
667,60421,72628,0,10,132,28,35,True,False,False,True,Argiloso,Mare alta,True
668,65504,82305,0,35,128,28,31,True,True,False,True,Arenoso,,False
669,71138,93618,0,48,308,36,27,True,False,True,False,Arenoso,,False
670,32699,34212,25,53,114,34,46,False,False,True,False,Humífero,,False
671,5503,5608,0,15,248,25,17,False,False,True,False,Argiloso,,False
672,19830,21606,0,27,258,13,10,False,False,False,True,arenoso,Historicamente alagavel,False
673,27023,42450,0,8,452,35,14,False,False,False,False,Arenoso,,True
674,130659,101475,0,67,270,5,10,False,False,True,True,Arenoso,,False
675,85002,97295,0,25,110,14,21,False,True,False,False,Humífero,,False
676,43400,51842,21,12,356,7,39,False,False,True,True,Humífero,,False
677,62002,89356,0,43,27,11,13,True,False,False,False,Arenoso,Mare alta,True
678,28065,40212,0,13,138,32,6,False,True,True,False,Humífero,,False
679,47790,82393,0,38,164,0,6,False,False,True,True,Argiloso,,True
680,85410,91218,0,29,105,39,8,False,True,True,False,Arenoso,,False
681,35355,32212,24,21,207,28,27,False,False,False,False,Arenoso,Queimada Recente,False
682,47707,50644,0,27,265,17,3,True,False,True,False,Argiloso,Queimada Recente,False
683,36770,34691,50,5,37,18,41,False,True,False,False,humifero,,True
684,106519,118797,0,22,37,250,12,False,True,True,True,Humífero,,True
685,63529,76362,0,5,34,34,14,False,False,True,False,,,False
686,71122,73966,49,38,196,21,25,False,True,True,False,Arenoso,,False
687,89799,140884,14,3,209,18,72,False,False,True,True,Arenoso,,True
688,98149,154553,43,78,43,17,56,True,True,False,False,ARENOSO,,True
689,46175,51796,0,44,326,8,9,False,False,False,False,Arenoso,,False
690,101114,17672228,1,24,75,5,2,True,False,False,False,humifero,Mare alta,True
691,63085,52191,0,23,212,18,25,False,True,True,False,ARENOSO,,False
692,7235,7316,16,8,27,22,20,False,True,False,False,Humífero,,False
693,7115,8678,36,43,40,4,27,False,False,True,True,argiloso,,False
694,78605,89713,15,23,252,30,27,False,False,False,True,Argiloso,,False
695,48194,66897,0,62,341,16,21,True,True,False,True,Arenoso,,False
696,130645,168334,20,25,51,-2,77,False,False,False,True,,Mare alta,False
697,17517,28818,32,25,441,12,28,True,False,False,False,Argiloso,,True
698,37303,32339,23,81,16,22,56,False,False,True,False,ARGILOSO,,False
699,8724,745433,0,20,71,33,6,True,True,True,False,arenoso,,True
700,71278,9357795,0,36,314,4,8,False,False,False,False,ARENOSO,,True
701,11871,9957,27,33,92,21,36,False,False,False,False,,,False
702,27664,28531,0,1,70,14,28,True,False,True,False,Arenoso,Queimada Recente,False
703,19355,31293,0,20,100,36,3,False,False,True,False,Argiloso,Mare alta,True
704,92357,105357,14,80,127,20,47,True,False,False,False,Argiloso,,False
705,24278,34764,17,41,106,32,94,False,True,False,False,Arenoso,,False
706,8276,8350,0,18,261,19,27,False,False,True,False,arenoso,,False
707,45507,35903,36,18,103,14,63,True,True,False,False,ARGILOSO,,False
708,33258,42572,0,42,442,34,5,True,False,True,False,Argiloso,,False
709,56687,98701,7,14,404,37,12,False,False,True,False,Humífero,,True
710,53817,60596,35,7,216,6,56,False,False,False,False,Arenoso,,False
711,92878,122330,13,13,383,18,68,False,False,True,False,Arenoso,,False
712,58738,92382,0,29,168,15,10,True,False,True,True,Arenoso,,True
713,6149,9388,0,27,82,16,22,False,True,True,True,ARGILOSO,Mare alta,True
714,59608,55194,41,50,110,3,28,False,False,False,False,Arenoso,Queimada Recente,True
715,87989,102359,37,22,48,16,60,True,False,False,False,arenoso,,False
716,4029,3756,0,63,48,-1,24,True,False,True,False,Arenoso,,False
717,26975,34752,56,16,399,5,47,True,False,True,False,Arenoso,Queimada Recente,False
718,169143,158935,5,7,275,20,11,False,False,True,True,,,False
719,113339,176422,0,41,52,8,13,False,False,True,False,,Historicamente alagavel,True
720,54027,59574,0,79,239,29,26,False,False,True,True,arenoso,,False
721,8772,7653,23,39,124,19,67,False,False,True,False,humifero,,False
722,69822,106611,0,5,337,17,33,False,False,True,True,Arenoso,,True
723,18806,23435,0,73,272,12,34,False,True,True,False,ARGILOSO,Historicamente alagavel,False
724,141051,171966,42,1,238,17,27,False,True,False,True,Arenoso,,True
725,71231,40997,5,11,261,16,19,False,True,False,True,Argiloso,Historicamente alagavel,False
726,33835,35971,23,22,222,15,20,True,False,True,False,Arenoso,,False
727,155229,93598,0,19,31,23,21,False,True,True,False,Argiloso,,False
728,68161,71103,9,5,338,13,33,False,False,True,True,Humífero,,False
729,80615,62963,0,15,128,13,8,False,False,True,False,Humífero,,False
730,68128,93304,0,36,316,10,7,True,False,True,False,arenoso,,False
731,139968,142618,10,36,91,35,25,False,False,True,True,Arenoso,,True
732,123194,89205,8,23,115,9,13,True,False,True,False,Arenoso,,False
733,5033,5392,0,33,74,31,2,True,False,False,True,arenoso,,True
734,56004,9364909,0,68,40,31,24,True,False,False,True,,,True
735,24660,18754,0,9,81,27,9,True,False,True,False,ARENOSO,,False
736,50393,6447203,0,6,392,23,12,True,False,False,True,Argiloso,,True
737,21847,24539,9,16,151,17,7,False,False,False,True,Humífero,,False
738,70798,69199,0,67,22,22,23,False,True,False,True,Argiloso,,False
739,17680,20532,40,49,331,339,39,False,False,True,True,ARGILOSO,,True
740,29652,28634,35,16,280,6,35,False,True,False,False,Argiloso,,False
741,32779,21685,42,19,97,28,21,False,True,True,False,Argiloso,,False
742,102545,69860,0,25,445,18,10,False,False,False,False,argiloso,,False
743,42250,51482,14,11,53,20,98,False,True,True,False,Humífero,,False
744,183677,198732,4,9,105,23,14,False,False,True,True,Arenoso,,False
745,45978,62895,44,4,64,32,63,False,False,False,False,Arenoso,,True
746,60672,68734,0,47,296,4,18,False,False,False,False,arenoso,,False
747,98092,141727,27,17,124,23,29,False,True,True,False,Arenoso,,False
748,43174,65192,26,4,151,25,44,False,True,True,False,arenoso,,True
749,26910,30331,25,79,43,13,30,True,False,True,False,ARENOSO,,False
750,73091,91670,0,55,328,24,29,False,False,False,True,Argiloso,,False
751,7335,4771,2,27,88,16,9,False,False,False,False,,,False
752,164505,141858,0,13,55,25,10,False,False,False,True,argiloso,,False
753,119195,110543,4,19,189,2,12,False,False,True,False,humifero,,False
754,14409,20822,0,21,241,26,37,False,False,True,False,Humífero,,False
755,66688,87454,26,42,182,19,54,False,True,False,True,ARENOSO,Historicamente alagavel,False
756,35859,46716,27,9,29,25,35,False,True,False,True,Arenoso,,False
757,90405,122615,12,21,272,18,23,False,False,False,False,Arenoso,,False
758,37237,42136,26,30,184,13,47,True,True,True,True,argiloso,,False
759,115742,181904,33,58,68,345,40,False,True,True,False,Humífero,,True
760,20810,31531,0,26,132,29,7,False,False,False,False,Arenoso,,True
761,21596,21418,3,61,103,36,24,False,True,True,True,Humífero,,True
762,29142,39058,0,17,244,9,32,True,False,False,False,argiloso,,False
763,24584,44256,0,4,223,18,16,True,False,False,False,,,True
764,56483,47777,22,16,25,326,57,True,True,True,False,argiloso,,False
765,90384,123209,51,20,337,3,29,True,False,True,False,arenoso,,False
766,21742,17339,15,77,233,27,26,False,False,True,False,Arenoso,,False
767,62021,74910,0,32,114,14,2,False,True,False,True,,,False
768,133042,183726,0,53,417,26,15,False,False,False,False,ARENOSO,,False
769,8934,6087,0,2,300,22,7,True,True,True,False,Arenoso,,False
770,48247,33046,3,9,94,30,7,False,False,True,False,Arenoso,,False
771,44286,29376,0,20,229,15,21,False,True,True,False,ARENOSO,,False
772,25693,2936140,14,42,313,17,90,True,False,True,False,Arenoso,,True
773,128663,151434,0,27,15,23,8,True,False,False,True,arenoso,,False
774,6963,6838,0,37,253,0,18,False,False,True,False,Argiloso,,False
775,7680,10410,0,50,334,37,13,False,True,True,False,arenoso,,False
776,87921,97611,0,34,337,30,21,True,False,True,False,Arenoso,,False
777,89104,96731,20,27,306,330,30,False,False,True,False,arenoso,,False
778,108326,157197,0,1,290,17,6,False,True,True,True,,,False
779,62968,73050,0,24,296,28,32,False,False,True,False,Arenoso,,False
780,147664,192028,38,88,355,21,26,True,False,True,True,Arenoso,Mare alta,True
781,11883,16925,0,3,52,8,17,False,True,True,False,Arenoso,Mare alta,False
782,20800,19925,11,6,11,15,24,False,False,False,True,arenoso,,False
783,99990,111704,0,11,247,19,31,False,False,True,True,arenoso,,False
784,57071,48561,18,17,230,25,23,False,False,True,False,Argiloso,,False
785,16369,30470,0,32,46,18,13,True,True,True,False,humifero,,True
786,45458,6841860,0,3,199,28,2,False,False,True,True,arenoso,,True
787,19441,25115,33,6,430,9,92,False,True,True,False,arenoso,,True
788,47864,54097,0,53,77,17,25,False,True,False,False,,,False
789,180555,176151,0,16,14,31,4,True,False,False,True,Argiloso,,True
790,123872,132465,20,39,238,18,93,False,False,True,False,argiloso,,False
791,162483,249616,50,42,204,22,42,False,True,True,True,Arenoso,,True
792,153175,242224,19,75,95,35,66,False,False,True,True,argiloso,,True
793,152269,180569,16,26,151,18,64,False,True,False,False,ARGILOSO,Queimada Recente,False
794,10327,9637,24,14,98,16,47,False,False,False,True,arenoso,,False
795,99551,17507306,0,57,87,12,11,True,True,True,False,argiloso,,True
796,43654,47087,0,43,73,11,12,False,False,True,True,,,False
797,41802,33862,27,49,109,24,27,True,True,True,True,Humífero,,False
798,35191,55927,0,22,26,34,21,True,False,False,True,arenoso,,True
799,95867,186404,0,46,371,5,18,True,False,True,True,humifero,,True
800,48758,42049,0,27,31,31,10,False,False,True,True,Argiloso,Mare alta,True
801,30243,28469,36,61,465,20,30,False,False,True,True,argiloso,,False
802,41732,58964,14,69,249,13,81,True,False,True,False,Argiloso,,False
803,119067,170863,0,80,132,17,12,True,False,False,False,Arenoso,,False
804,94017,97798,0,13,36,13,17,False,False,False,True,,,False
805,54371,67611,0,79,260,14,20,False,False,True,True,Argiloso,,False
806,58372,59948,0,22,54,25,16,False,False,True,True,Argiloso,,False
807,77333,70252,0,20,5,23,8,False,False,False,True,ARENOSO,,False
808,37446,72595,0,13,71,257,13,False,True,True,False,Arenoso,,True
809,148765,108960,51,18,53,39,53,True,True,True,False,ARENOSO,,False
810,25808,38794,23,36,185,6,64,False,True,True,False,ARENOSO,,True
811,135734,147343,0,10,94,6,21,False,False,False,False,Arenoso,,False
812,93614,104188,35,34,43,18,50,True,False,True,False,argiloso,,False
813,89710,121963,22,10,293,14,45,False,False,False,False,Arenoso,,False
814,8514,5645,24,33,269,23,38,False,False,True,False,Arenoso,,False
815,22570,34462,5,65,23,35,4,True,False,False,False,arenoso,,True
816,56611,39750,0,40,69,16,31,False,False,False,False,ARENOSO,,False
817,116140,97369,0,1,93,27,24,False,False,True,False,Arenoso,,False
818,148170,100334,0,39,68,25,22,False,True,False,True,Argiloso,,False
819,148861,242439,0,2,112,-3,19,True,True,False,False,Arenoso,,True
820,98114,98207,9,77,338,12,4,False,True,True,True,Arenoso,,False
821,27399,4161313,29,22,34,25,50,False,False,False,False,Arenoso,,True
822,61060,98225,61,20,215,34,79,False,False,False,True,arenoso,,True
823,48190,70859,0,37,89,269,24,False,True,False,False,arenoso,Mare alta,False
824,23404,16104,20,34,206,25,52,False,False,True,False,Arenoso,,False
825,122237,93290,2,57,51,28,8,False,True,True,True,Argiloso,,False
826,64161,50022,46,49,43,15,22,False,False,False,False,Argiloso,,True
827,44598,58936,6,29,216,25,19,False,False,True,False,Arenoso,,False
828,156626,163620,36,70,132,26,59,False,False,True,True,argiloso,,False
829,72202,54717,11,2,131,15,87,True,True,False,False,Humífero,,False
830,23404,14361,54,12,299,7,45,False,False,False,False,ARGILOSO,,True
831,8470,1439502,0,5,80,29,21,True,False,False,True,Arenoso,,True
832,41134,56259,26,9,32,19,29,False,True,True,True,Arenoso,,False
833,24837,26704,0,22,319,21,25,True,False,True,False,Arenoso,,False
834,198827,201926,27,2,117,10,25,False,False,True,True,Humífero,,False
835,33012,48002,0,9,38,28,20,False,False,True,True,argiloso,,False
836,99377,66017,4,26,64,10,8,False,True,True,True,Arenoso,,False
837,10701,13971,0,10,188,12,32,False,False,True,False,ARENOSO,,False
838,10741,12870,15,23,219,19,42,False,False,False,False,arenoso,,False
839,125460,154916,0,24,203,7,17,True,False,True,False,arenoso,,False
840,117012,108134,0,49,26,1,12,False,True,True,True,arenoso,,False
841,7814,4880,20,68,173,23,73,False,False,True,False,Argiloso,,False
842,115049,102766,48,43,245,3,45,False,False,True,False,Arenoso,,False
843,72525,79781,9,2,361,8,29,False,False,False,True,ARENOSO,,False
844,45956,64641,13,24,32,330,26,True,False,True,False,Humífero,,False
845,42587,42393,13,88,17,28,69,True,False,False,True,argiloso,,False
846,82067,123424,0,39,147,29,6,False,False,True,True,Humífero,,True
847,35657,37150,13,9,269,14,31,False,True,False,False,arenoso,,False
848,37679,30794,50,23,39,3,27,False,True,False,True,ARENOSO,,True
849,72084,62369,21,2,53,9,42,True,False,True,False,Argiloso,,False
850,11832,12986,0,26,169,16,4,False,False,True,True,Arenoso,,False
851,87441,121515,23,5,206,33,92,False,True,True,False,arenoso,,False
852,53130,46733,56,19,280,22,40,False,True,True,True,,,False
853,61648,9003998,0,64,273,28,26,True,False,False,False,arenoso,,True
854,121377,121083,0,43,409,5,12,False,False,True,False,ARGILOSO,,False
855,94546,123377,0,15,221,14,11,False,False,False,False,Arenoso,Mare alta,False
856,97897,143983,24,40,276,2,32,False,False,False,False,Arenoso,,False
857,77833,77090,0,35,328,16,3,True,True,False,True,Arenoso,Mare alta,True
858,154545,116969,39,25,42,28,51,True,False,True,True,humifero,,False
859,38644,50660,29,6,318,24,22,False,True,True,False,arenoso,,False
860,68660,76158,0,97,470,4,7,True,False,True,False,argiloso,,False
861,8625,10163,0,21,5,13,7,True,False,False,True,Arenoso,,False
862,18085,25804,48,11,472,9,27,False,True,True,False,ARGILOSO,Historicamente alagavel,True
863,22006,20495,0,94,5,25,32,False,False,True,True,Argiloso,,False
864,13335,9357,0,3,137,29,32,True,False,True,True,Humífero,,False
865,74927,61546,32,28,109,27,25,False,False,True,True,ARENOSO,,False
866,5044,4033,29,76,68,16,21,True,False,False,False,ARGILOSO,,False
867,14334,14407,37,22,120,24,39,True,False,True,False,Arenoso,,False
868,36700,43354,33,6,100,16,52,False,True,True,False,Arenoso,,False
869,44786,52157,25,11,324,17,40,True,True,True,True,Argiloso,Mare alta,True
870,13398,20878,46,66,86,12,32,False,False,False,True,,,True
871,19812,21753,0,24,95,16,10,False,False,False,False,Humífero,Queimada Recente,False
872,5658,6929,0,9,242,21,19,False,False,True,True,ARENOSO,Queimada Recente,False
873,115517,94938,25,30,104,22,25,True,True,True,False,Arenoso,,False
874,108559,163877,15,15,243,15,45,True,False,True,False,Argiloso,,True
875,103824,142438,0,40,305,30,12,True,False,True,False,Humífero,,False
876,142398,240878,16,54,5,13,65,True,False,True,True,arenoso,,True
877,42306,76585,39,68,305,8,25,False,True,False,False,argiloso,,True
878,112942,80603,30,57,95,14,45,False,False,True,False,,,False
879,96913,63769,0,58,142,30,30,False,True,True,True,ARGILOSO,,False
880,88497,128024,0,46,199,28,13,True,True,False,False,Argiloso,,False
881,48025,67538,0,8,217,14,11,False,False,True,True,argiloso,,False
882,8034,8177,0,28,223,9,30,False,False,False,False,argiloso,Mare alta,False
883,19943,21100,5,17,382,13,25,False,False,True,False,arenoso,,False
884,35696,37272,0,3,80,31,21,True,False,True,False,Humífero,Historicamente alagavel,False
885,124520,117156,0,69,83,16,12,True,True,True,False,arenoso,,False
886,53997,52269,41,61,96,26,20,False,False,False,False,Arenoso,,True
887,31736,48075,16,9,220,35,32,True,False,False,True,ARENOSO,,True
888,132750,122321,0,17,236,15,6,False,True,False,True,Humífero,Mare alta,False
889,53531,44050,20,10,282,22,40,True,False,False,False,Argiloso,,False
890,14366,14579,0,43,102,14,12,False,False,False,False,ARGILOSO,,False
891,72655,63432,0,50,170,35,27,False,False,True,False,Arenoso,Mare alta,False
892,77192,108890,0,53,48,34,12,True,False,True,False,Argiloso,,False
893,101641,102972,42,50,268,12,81,True,True,True,False,Humífero,,False
894,33736,32619,0,58,76,12,5,False,False,False,False,arenoso,,False
895,3109,5525,0,65,242,26,10,True,True,False,True,ARGILOSO,,True
896,51121,41981,0,47,146,257,2,False,True,True,False,humifero,,False
897,8430,9795,7,89,277,27,34,False,False,True,True,Humífero,,False
898,26366,31814,14,25,224,32,47,False,False,False,True,arenoso,,True
899,75096,61426,0,22,16,11,12,False,True,True,True,argiloso,,False
900,17625,13873,15,48,52,24,23,False,True,True,False,ARENOSO,,False
901,83457,75651,31,39,12,12,26,True,False,True,True,ARGILOSO,,False
902,147001,170169,0,58,144,29,31,True,True,True,False,Argiloso,,False
903,99534,78965,58,84,371,248,62,False,True,False,False,Humífero,Queimada Recente,True
904,63136,75799,24,47,149,19,25,False,False,True,False,arenoso,Historicamente alagavel,False
905,56302,46651,18,52,77,30,40,False,False,True,False,Arenoso,,False
906,90231,124639,18,24,259,22,81,False,False,False,True,arenoso,Queimada Recente,False
907,23631,31562,16,28,198,24,93,False,True,False,False,Humífero,,False
908,16903,18916,13,46,408,176,36,True,False,True,True,Argiloso,,True
909,127151,131658,0,60,12,33,17,True,False,False,True,Arenoso,,True
910,112070,118614,0,47,164,19,29,True,True,True,True,argiloso,,False
911,44943,41865,0,75,162,8,20,True,False,True,True,Argiloso,,False
912,103769,106452,0,46,51,18,16,False,False,True,True,Arenoso,,False
913,107879,80078,0,15,110,13,15,False,False,False,False,Argiloso,,False
914,107754,122052,25,34,245,36,76,False,True,True,False,Humífero,,False
915,131879,130758,34,26,164,18,59,False,False,False,False,Humífero,,False
916,104014,110176,0,30,253,24,20,False,True,False,True,Arenoso,,False
917,90278,88209,36,64,134,21,38,False,False,True,False,ARENOSO,,False
918,10182,6648,37,14,7,27,60,True,True,True,False,ARGILOSO,,False
919,4436,2755,7,4,293,5,5,False,True,False,True,Argiloso,,False
920,11101,10446,0,16,10,120,6,True,True,True,False,Arenoso,,False
921,21522,22078,0,26,187,35,22,False,False,True,True,ARGILOSO,,True
922,72855,9320120,0,50,119,39,27,True,False,True,False,Humífero,,True
923,138910,106855,0,31,30,31,7,True,False,True,True,arenoso,,True
924,75111,65570,0,64,247,37,20,True,True,True,True,ARENOSO,Mare alta,True
925,102629,98258,0,61,91,30,25,False,True,True,False,Arenoso,,False
926,67698,104809,10,50,354,-3,59,True,False,True,False,humifero,,True
927,148924,147166,0,86,279,13,10,False,False,True,False,Argiloso,,False
928,62705,57840,32,21,30,31,73,False,False,True,True,Argiloso,,True
929,76629,128800,0,75,208,35,19,False,False,True,True,ARGILOSO,,True
930,63002,72731,31,21,211,36,46,False,False,True,True,Humífero,,True
931,33414,27775,0,73,42,27,31,True,False,True,False,Arenoso,,False
932,177771,228362,0,40,116,25,20,True,False,True,False,Arenoso,Historicamente alagavel,False
933,20495,18091,0,67,198,19,13,False,False,True,False,Humífero,,False
934,21109,22256,17,52,75,31,23,False,False,False,True,arenoso,,True
935,46260,44271,0,16,188,29,10,True,False,True,False,humifero,,False
936,59871,63908,34,1,7,26,42,False,False,True,False,Arenoso,Mare alta,False
937,31358,28478,28,27,75,22,58,True,True,False,False,arenoso,,False
938,55924,75991,0,44,366,331,17,True,True,False,False,Argiloso,,False
939,54068,41229,23,40,182,162,31,False,True,True,False,arenoso,,False
940,2287,322163,0,24,154,11,13,False,True,True,False,,,True
941,71848,81535,0,91,321,224,7,False,True,False,False,Argiloso,Queimada Recente,False
942,132182,143197,0,24,108,20,4,False,True,True,True,Argiloso,,False
943,118708,136629,0,51,328,295,15,False,False,False,True,Argiloso,,True
944,50227,55724,0,19,432,9,12,False,False,False,False,arenoso,,False
945,55373,8515341,4,14,101,23,21,False,False,False,False,Arenoso,,True
946,76166,88397,27,3,62,16,43,True,True,False,False,Arenoso,,False
947,15729,21977,0,39,157,20,22,True,False,False,True,Arenoso,,False
948,29979,34881,2,18,320,422,18,False,False,False,True,argiloso,,True
949,10064,17032,0,20,118,26,17,False,False,False,False,humifero,,True
950,84619,70518,0,34,117,13,7,False,True,True,True,ARENOSO,,False
951,22698,1826959,0,2,244,34,7,False,False,True,True,ARGILOSO,Queimada Recente,True
952,4129,3746,0,63,9,9,4,False,False,True,False,Arenoso,,False
953,119956,158668,0,10,318,19,9,True,True,True,False,Arenoso,Mare alta,True
954,50535,63978,0,55,60,14,16,False,True,True,False,Arenoso,,False
955,112007,127370,38,26,96,30,45,False,False,True,False,ARGILOSO,,False
956,24757,24757,0,28,6,21,4,True,False,False,True,Arenoso,,False
957,95253,118603,4,4,22,12,18,False,False,False,False,Arenoso,,False
958,89311,87300,16,17,112,16,40,True,False,False,False,Arenoso,,False
959,15520,13509,6,18,304,21,23,False,False,True,False,Arenoso,,False
960,93124,94874,0,84,5,5,17,True,True,True,False,Arenoso,,False
961,153614,242504,0,76,299,12,9,True,False,False,False,Arenoso,Mare alta,True
962,137466,73801,12,77,19,24,74,False,True,True,False,ARENOSO,,False
963,78691,140226,0,45,7,9,26,True,True,False,False,arenoso,,True
964,173382,171671,0,2,256,27,4,False,False,True,False,Arenoso,,False
965,157730,254081,0,38,386,36,12,False,True,True,False,Arenoso,,True
966,75832,117002,0,74,29,24,15,False,False,True,True,Argiloso,,True
967,6677,7307,20,39,307,1,36,False,False,True,False,humifero,,False
968,43396,43801,0,58,284,26,7,True,False,True,True,humifero,Queimada Recente,False
969,76984,116532,0,55,200,24,9,True,False,True,True,humifero,,True
970,75804,95918,0,7,50,256,20,False,True,False,False,ARENOSO,,False
971,132002,172874,0,4,162,439,25,True,False,True,False,ARENOSO,Historicamente alagavel,False
972,167425,225344,30,17,172,29,56,False,True,True,True,arenoso,,False
973,45320,54951,0,17,38,29,29,True,True,True,True,arenoso,Queimada Recente,False
974,62941,83500,23,16,49,18,42,False,False,False,True,Argiloso,,False
975,31518,42671,19,41,82,24,94,False,False,True,False,Humífero,Mare alta,False
976,44405,60726,0,50,338,25,4,False,True,False,False,Humífero,,False
977,11936,11023,20,31,61,22,64,False,False,True,False,humifero,,False
978,21070,24698,44,70,54,38,22,True,True,True,False,Argiloso,Mare alta,True
979,69585,83482,31,72,344,14,69,False,True,False,False,arenoso,,False
980,28969,39968,11,74,30,32,54,False,False,False,False,arenoso,Historicamente alagavel,False
981,18429,21177,0,37,245,38,26,False,True,True,False,humifero,,False
982,83065,65448,26,38,181,14,50,True,False,False,True,Argiloso,,False
983,105815,113208,0,56,104,23,30,False,True,True,False,Arenoso,,False
984,112908,88684,2,50,22,27,21,False,False,False,False,ARENOSO,,False
985,37560,25568,16,17,31,25,37,True,True,False,False,Arenoso,,False
986,11354,11143,45,41,39,30,63,True,True,True,False,arenoso,,False
987,50443,33526,0,7,411,9,18,False,False,True,False,argiloso,,False
988,31827,23294,36,32,470,7,42,False,False,False,False,Humífero,,False
989,145306,128668,1,39,165,24,9,False,False,True,False,ARENOSO,,False
990,122766,16690667,0,45,41,19,7,False,True,True,False,arenoso,Historicamente alagavel,True
991,33995,54424,0,39,211,11,21,False,True,True,True,humifero,Mare alta,True
992,109254,121170,31,49,163,18,75,True,False,True,False,arenoso,,False
993,89515,53733,0,62,109,30,17,True,False,True,False,ARENOSO,,False
994,121656,135860,0,36,299,318,19,False,False,True,True,argiloso,,True
995,4942,4887,0,2,139,19,8,True,True,True,False,Arenoso,,False
996,10750,15849,0,17,106,12,24,True,False,True,False,argiloso,,False
997,88222,100066,24,16,57,16,41,True,False,False,True,Arenoso,Queimada Recente,False
998,22860,23543,20,34,308,35,23,True,True,True,False,Argiloso,Historicamente alagavel,False
999,22239,30229,23,60,338,19,39,False,False,False,False,Arenoso,,False
