"","ID","Vazao.Media","Vazao.atual","Milimitro.hora","Milimitro.do.dia","Milimitro.em.sete.dias","Temperatura","Velocidade.do.Vento","Costa","Cidade","Vegetacao","Montanha","Solo","Notas","Alagou"
"1",0,19860,15151,21,1,135,20,41,"False","False","False","False","Arenoso",NA,"False"
"2",1,72182,94664,17,17,50,22,80,"False","False","True","False","Arenoso",NA,"False"
"3",2,3669,6440,0,17,278,24,13,"False","True","True","False","Argiloso",NA,"True"
"4",3,24149,25556,17,1,113,21,29,"False","False","True","True","Argiloso",NA,"True"
"5",4,8344,14308,38,1,175,31,39,"True","False","True","False","Arenoso",NA,"True"
"6",5,15218,14335,0,59,83,27,20,"False","False","True","True","Humífero",NA,"False"
"7",6,67361,111804,0,17,94,31,22,"False","False","True","True","Argiloso",NA,"True"
"8",7,17244,18939,43,12,240,8,80,"False","False","False","False","Arenoso",NA,"True"
"9",8,39090,52390,30,35,153,27,35,"False","False","True","True","Argiloso",NA,"False"
"10",9,47569,49365,0,93,215,5,12,"True","True","True","False","Arenoso",NA,"False"
"11",10,175078,166973,0,39,88,14,20,"False","False","False","False","Argiloso",NA,"False"
"12",11,105826,82259,8,35,17,23,23,"False","False","False","True","Argiloso",NA,"False"
"13",12,77784,92785,0,37,21,21,39,"True","False","True","True","Arenoso",NA,"False"
"14",13,116566,97352,0,5,240,21,25,"True","False","False","False","Humífero",NA,"False"
"15",14,6713,6284,0,75,129,22,13,"False","True","False","False","Argiloso",NA,"False"
"16",15,130398,207541,0,37,332,34,6,"True","True","True","False","Arenoso",NA,"True"
"17",16,39773,45104,6,14,49,6,21,"False","True","True","False","Arenoso",NA,"False"
"18",17,19304,14190,0,51,112,21,15,"False","False","True","False","Arenoso",NA,"False"
"19",18,169450,267607,0,39,379,33,15,"True","True","False","False","Arenoso","Mare alta","True"
"20",19,70804,112963,30,66,95,15,22,"False","False","True","True","Humífero",NA,"True"
"21",20,175016,218995,8,46,23,21,15,"False","False","True","True","Arenoso",NA,"True"
"22",21,47780,66417,11,41,23,-1,49,"False","False","True","True","Arenoso",NA,"False"
"23",22,81318,82736,30,2,268,2,60,"False","True","True","True","Arenoso",NA,"False"
"24",23,169632,220484,0,42,90,18,17,"False","True","False","False","Humífero",NA,"False"
"25",24,62541,87774,0,53,37,22,25,"False","False","True","True","Arenoso",NA,"False"
"26",25,101701,103856,0,12,96,21,6,"True","False","False","False","Argiloso",NA,"False"
"27",26,12376,13052,0,15,160,15,21,"True","True","True","True","Argiloso",NA,"False"
"28",27,52018,61162,7,31,47,28,28,"False","False","True","False","Argiloso",NA,"False"
"29",28,83048,124794,0,3,201,21,8,"False","False","False","False","Argiloso",NA,"True"
"30",29,29682,29465,0,9,369,19,22,"False","False","True","False","Arenoso",NA,"False"
"31",30,20937,19114,0,13,86,21,4,"True","True","False","True","Argiloso",NA,"False"
"32",31,31185,21609,0,1,172,26,2,"True","True","True","True","Argiloso",NA,"False"
"33",32,33860,36597,0,26,35,23,12,"False","False","True","False","Argiloso",NA,"False"
"34",33,51157,65664,34,48,323,15,60,"False","False","True","False","Arenoso",NA,"True"
"35",34,67655,102935,34,53,293,30,49,"False","True","False","False","Arenoso",NA,"True"
"36",35,97665,63728,24,9,79,2,50,"True","False","True","True","Argiloso",NA,"False"
"37",36,10095,14597,0,84,49,20,7,"True","True","True","False","Arenoso",NA,"False"
"38",37,129687,201500,0,36,57,25,5,"True","False","False","True","Arenoso",NA,"True"
"39",38,50196,66592,0,6,166,27,7,"False","False","True","False","Argiloso",NA,"False"
"40",39,39066,26924,11,27,215,19,38,"True","False","False","True","Argiloso",NA,"False"
"41",40,112022,190025,5,42,330,17,4,"False","False","True","False","Argiloso",NA,"True"
"42",41,9761,8178,21,17,41,11,73,"False","True","True","False","Arenoso",NA,"False"
"43",42,150098,224323,0,8,153,4,28,"True","False","False","False","Argiloso",NA,"False"
"44",43,106322,86353,0,76,6,9,13,"True","False","False","False","Arenoso",NA,"False"
"45",44,160882,159817,12,37,104,22,36,"False","True","True","False","Humífero",NA,"False"
"46",45,70977,116529,45,42,271,6,53,"False","True","True","True","Arenoso",NA,"True"
"47",46,77368,65664,0,4,89,12,6,"True","False","False","False","Arenoso",NA,"True"
"48",47,28821,29371,0,14,353,36,15,"True","False","True","False","Arenoso",NA,"False"
"49",48,29042,41505,49,45,374,16,58,"True","False","False","False","Arenoso",NA,"True"
"50",49,87819,90275,0,11,86,12,37,"False","False","True","True","Arenoso",NA,"False"
"51",50,92784,51339,0,48,68,21,25,"False","False","True","True","Argiloso",NA,"True"
"52",51,88562,99213,0,29,244,31,3,"True","False","False","False","Arenoso",NA,"False"
"53",52,60673,65371,0,14,239,20,4,"False","True","True","False","Arenoso",NA,"False"
"54",53,31188,53659,13,15,97,22,41,"False","False","True","True","Arenoso",NA,"True"
"55",54,128513,250104,0,29,22,30,15,"False","False","True","False","Arenoso",NA,"True"
"56",55,50490,31827,0,24,113,25,35,"False","True","False","False","Arenoso",NA,"False"
"57",56,42442,32132,0,66,44,27,5,"True","False","True","False","Arenoso",NA,"False"
"58",57,59394,62043,0,47,270,23,13,"True","True","False","True","Argiloso",NA,"False"
"59",58,96397,81876,0,22,204,20,7,"False","True","False","False","Arenoso",NA,"False"
"60",59,97603,145473,0,25,124,36,17,"False","False","False","False","Humífero",NA,"False"
"61",60,6147,3971,7,19,226,12,16,"False","False","False","True","Argiloso",NA,"False"
"62",61,27183,29693,0,3,55,28,16,"False","False","True","False","Arenoso",NA,"False"
"63",62,127686,65664,0,16,65,14,31,"True","False","True","False","Argiloso",NA,"True"
"64",63,62286,58542,21,13,220,8,79,"False","False","True","True","Argiloso",NA,"False"
"65",64,67057,67930,11,16,282,12,83,"False","False","True","False","Arenoso",NA,"False"
"66",65,98082,77089,0,19,154,20,34,"False","True","True","False","Argiloso",NA,"False"
"67",66,102414,102579,0,59,49,28,21,"False","False","True","False","Arenoso",NA,"False"
"68",67,169228,302163,0,19,278,27,12,"True","False","True","True","Argiloso","Queimada Recente","True"
"69",68,77352,83772,0,6,112,23,15,"False","False","False","True","Humífero",NA,"False"
"70",69,29166,27195,0,19,291,21,29,"False","False","False","False","Humífero",NA,"False"
"71",70,39986,65664,0,10,178,21,38,"False","False","True","True","Humífero",NA,"True"
"72",71,172711,173612,0,16,305,16,16,"False","False","False","False","Arenoso",NA,"False"
"73",72,42332,62881,0,25,255,26,8,"True","False","True","True","Argiloso",NA,"False"
"74",73,67967,60768,0,19,422,23,24,"False","False","True","False","Arenoso",NA,"False"
"75",74,145453,200708,27,10,31,21,51,"False","True","True","False","Humífero",NA,"False"
"76",75,43983,42716,13,17,287,17,35,"False","True","True","False","Argiloso",NA,"False"
"77",76,18454,15106,48,21,251,26,55,"False","False","True","False","Arenoso",NA,"False"
"78",77,131245,245054,0,26,269,21,9,"False","True","True","False","Arenoso","Mare alta","True"
"79",78,55348,35789,0,26,65,6,27,"False","False","False","False","Arenoso",NA,"False"
"80",79,29556,49688,0,69,72,4,4,"False","False","False","False","Arenoso",NA,"True"
"81",80,113747,89474,13,63,283,8,33,"True","False","True","False","Arenoso",NA,"False"
"82",81,7427,10651,9,62,221,26,24,"True","True","True","False","Argiloso",NA,"False"
"83",82,113935,111348,28,6,191,20,59,"True","True","False","True","Humífero",NA,"False"
"84",83,20216,13914,0,14,254,22,4,"True","False","False","False","Arenoso",NA,"False"
"85",84,21363,16407,10,8,379,33,49,"False","False","False","False","Arenoso",NA,"False"
"86",85,93832,88158,34,35,274,4,42,"False","True","False","False","Argiloso",NA,"False"
"87",86,58972,32503,0,28,84,18,12,"False","True","True","False","Arenoso",NA,"False"
"88",87,99919,73470,53,33,134,34,34,"False","False","True","False","Humífero","Queimada Recente","False"
"89",88,129414,154237,0,36,110,30,9,"False","True","False","False","Arenoso",NA,"False"
"90",89,113844,114953,10,24,21,1,33,"False","False","False","False","Argiloso",NA,"False"
"91",90,110175,100216,0,0,193,8,28,"False","False","False","False","Argiloso",NA,"False"
"92",91,39400,63079,0,44,61,23,23,"True","False","True","False","Argiloso",NA,"True"
"93",92,47193,82808,31,6,76,20,27,"False","False","False","False","Arenoso",NA,"True"
"94",93,108316,108100,17,73,233,7,50,"False","False","True","False","Humífero","Queimada Recente","False"
"95",94,68199,40932,0,2,163,3,11,"False","True","False","False","Humífero",NA,"False"
"96",95,39162,63904,23,37,274,22,42,"False","True","True","False","Arenoso",NA,"True"
"97",96,84860,47165,37,59,193,37,58,"True","True","True","False","Arenoso",NA,"False"
"98",97,104317,116294,0,11,323,23,29,"True","True","True","False","Arenoso",NA,"False"
"99",98,22106,31226,36,38,65,9,47,"False","False","True","False","Argiloso",NA,"False"
"100",99,9268,12827,0,38,147,26,5,"True","True","True","False","Argiloso",NA,"False"
"101",100,93958,83616,0,15,92,27,5,"True","False","True","False","Argiloso",NA,"False"
"102",101,106840,153977,13,21,167,11,29,"False","False","True","True","Arenoso",NA,"False"
"103",102,60935,59397,37,44,219,27,43,"False","False","True","False","Argiloso",NA,"False"
"104",103,73631,85683,0,92,185,9,33,"False","False","True","True","Humífero",NA,"False"
"105",104,37878,41672,0,6,24,10,10,"False","False","False","False","Arenoso",NA,"False"
"106",105,147716,84866,56,7,288,25,57,"True","False","False","False","Argiloso",NA,"True"
"107",106,166885,187110,0,54,209,21,12,"True","False","False","True","Humífero",NA,"False"
"108",107,21847,37686,21,0,322,28,57,"True","False","True","False","Arenoso",NA,"True"
"109",108,79374,86171,0,36,53,29,21,"False","True","False","True","Humífero",NA,"False"
"110",109,87242,126359,0,42,339,10,17,"False","True","True","True","Arenoso",NA,"False"
"111",110,13268,12913,0,35,71,13,15,"True","False","False","False","Humífero",NA,"False"
"112",111,44487,57274,1,29,419,6,16,"False","False","False","False","Humífero",NA,"False"
"113",112,92680,94602,9,31,191,18,8,"False","False","False","True","Humífero",NA,"False"
"114",113,45205,65988,0,7,45,3,12,"True","False","False","True","Arenoso",NA,"False"
"115",114,31724,44316,9,27,66,11,7,"False","False","True","True","Arenoso",NA,"False"
"116",115,51008,93068,17,76,135,34,101,"False","False","False","True","Argiloso","Historicamente alagavel","True"
"117",116,75697,119855,22,69,73,27,40,"False","False","False","False","Arenoso",NA,"True"
"118",117,66059,87734,0,7,249,15,24,"False","False","False","False","Humífero",NA,"False"
"119",118,119447,168163,0,15,265,1,23,"False","False","False","True","Argiloso",NA,"False"
"120",119,116603,126808,8,26,78,12,17,"False","False","True","False","Arenoso",NA,"False"
"121",120,12067,18041,10,51,433,9,58,"True","False","True","False","Argiloso",NA,"False"
"122",121,21416,28868,0,59,145,15,15,"False","False","False","False","Arenoso","Mare alta","False"
"123",122,77144,99630,28,59,23,14,28,"True","False","True","False","Arenoso","Queimada Recente","False"
"124",123,29200,31782,2,74,86,21,6,"False","True","True","False","Humífero",NA,"False"
"125",124,93157,102612,0,14,124,21,18,"True","False","False","False","Argiloso","Historicamente alagavel","False"
"126",125,3970,4067,28,64,130,14,36,"False","True","True","False","Arenoso",NA,"False"
"127",126,112888,182273,0,9,303,27,8,"False","False","True","False","Argiloso","Historicamente alagavel","True"
"128",127,138281,147592,0,24,11,6,8,"False","False","True","False","Humífero",NA,"False"
"129",128,31599,33541,0,3,233,25,10,"False","True","False","True","Arenoso","Historicamente alagavel","False"
"130",129,55222,59131,0,52,369,30,15,"False","True","False","True","Arenoso",NA,"False"
"131",130,89364,86417,10,1,47,19,35,"False","True","True","True","Arenoso",NA,"False"
"132",131,8965,9871,23,15,188,14,21,"True","True","True","True","Argiloso","Queimada Recente","False"
"133",132,71575,65579,0,40,320,7,16,"False","True","True","True","Arenoso",NA,"False"
"134",133,29031,65664,0,7,109,21,20,"True","True","True","True","Arenoso",NA,"True"
"135",134,5800,6928,0,61,72,14,19,"True","False","True","True","Arenoso",NA,"False"
"136",135,29071,34374,0,13,230,5,18,"False","True","False","False","Humífero",NA,"False"
"137",136,184204,189079,0,79,199,16,16,"False","True","True","True","Humífero",NA,"False"
"138",137,115128,86069,0,5,43,25,6,"False","False","True","True","Argiloso",NA,"False"
"139",138,72536,77451,0,47,151,26,16,"True","True","True","True","Arenoso",NA,"False"
"140",139,23949,22353,17,1,190,34,67,"False","False","False","True","Arenoso",NA,"True"
"141",140,5797,6184,0,36,26,17,9,"False","False","True","False","Argiloso",NA,"False"
"142",141,56732,59069,0,0,246,16,11,"True","True","True","False","Arenoso",NA,"False"
"143",142,62645,65664,0,30,115,34,19,"False","False","False","True","Arenoso",NA,"True"
"144",143,30733,29843,13,36,4,11,61,"True","False","True","False","Humífero",NA,"False"
"145",144,187617,125206,0,42,39,-2,27,"False","False","True","True","Argiloso",NA,"False"
"146",145,97105,85500,0,29,121,39,15,"False","True","True","False","Argiloso",NA,"False"
"147",146,11401,8757,0,11,22,33,36,"False","False","False","False","Arenoso",NA,"False"
"148",147,158009,175833,16,73,130,4,33,"True","False","True","False","Arenoso",NA,"False"
"149",148,40009,54148,0,65,71,15,15,"False","True","True","False","Arenoso",NA,"False"
"150",149,174120,180380,0,25,85,1,8,"True","False","True","False","Argiloso",NA,"False"
"151",150,102664,119858,0,76,166,25,3,"True","True","False","False","Arenoso",NA,"False"
"152",151,59483,78943,37,38,108,22,25,"False","False","True","False","Arenoso",NA,"False"
"153",152,109511,65664,23,27,71,11,32,"False","True","True","False","Humífero",NA,"True"
"154",153,36827,42075,41,5,53,19,36,"False","True","True","False","Arenoso",NA,"False"
"155",154,21262,17760,0,54,161,27,20,"False","True","True","True","Arenoso",NA,"False"
"156",155,124949,178323,18,57,7,25,67,"True","False","False","False","Arenoso",NA,"False"
"157",156,49472,46169,0,21,221,11,6,"True","False","True","True","Arenoso",NA,"False"
"158",157,11374,20742,34,12,49,8,46,"True","False","True","False","Argiloso",NA,"True"
"159",158,99546,108019,15,8,14,18,71,"False","False","False","False","Argiloso",NA,"False"
"160",159,52622,67251,12,66,284,16,81,"False","False","True","False","Arenoso",NA,"False"
"161",160,47430,38009,10,59,295,34,36,"True","False","False","False","Arenoso",NA,"False"
"162",161,60651,55210,14,51,214,29,77,"False","False","False","False","Arenoso",NA,"False"
"163",162,14312,25585,30,40,141,8,82,"False","False","True","False","Arenoso","Queimada Recente","True"
"164",163,25566,31032,0,24,53,5,15,"False","True","True","True","Arenoso","Mare alta","False"
"165",164,116628,136422,0,22,92,17,27,"False","False","True","False","Humífero",NA,"False"
"166",165,106097,138182,0,72,47,28,26,"False","False","False","False","Arenoso","Queimada Recente","False"
"167",166,125239,97663,50,10,367,27,47,"False","False","True","False","Argiloso",NA,"False"
"168",167,74957,65664,0,21,111,13,22,"True","True","True","True","Humífero",NA,"True"
"169",168,8422,5377,7,25,290,6,17,"False","False","True","True","Argiloso",NA,"False"
"170",169,76665,118115,6,58,208,21,4,"False","False","True","True","Arenoso",NA,"True"
"171",170,122408,112594,31,20,102,35,51,"False","False","True","False","Arenoso",NA,"False"
"172",171,4426,4507,0,9,181,10,22,"True","False","True","False","Argiloso",NA,"False"
"173",172,83123,121940,0,91,327,22,21,"True","False","True","False","Arenoso",NA,"False"
"174",173,138631,65664,7,66,116,15,7,"True","False","True","False","Arenoso",NA,"True"
"175",174,80728,115008,0,50,328,34,34,"False","True","True","True","Argiloso",NA,"True"
"176",175,18748,13504,0,79,273,21,13,"False","True","True","True","Arenoso",NA,"True"
"177",176,5846,10648,34,91,7,19,26,"False","True","False","True","Arenoso","Queimada Recente","True"
"178",177,28976,25503,48,67,237,27,33,"False","True","False","False","Argiloso",NA,"True"
"179",178,21847,21344,34,6,108,21,83,"False","True","True","False","Humífero","Queimada Recente","False"
"180",179,76957,76464,0,7,55,37,11,"False","True","True","False","Arenoso",NA,"False"
"181",180,116058,65664,0,90,319,32,33,"True","True","True","False","Argiloso",NA,"True"
"182",181,5463,5713,54,6,93,20,64,"True","False","True","True","Argiloso",NA,"False"
"183",182,163911,247206,0,6,138,2,27,"True","True","True","False","Argiloso",NA,"True"
"184",183,120567,220086,0,1,290,23,18,"True","True","False","True","Argiloso",NA,"True"
"185",184,37569,45374,58,44,138,3,22,"False","False","True","False","Argiloso",NA,"False"
"186",185,6735,6163,9,83,161,14,12,"True","False","False","False","Argiloso",NA,"False"
"187",186,121758,230327,0,2,69,14,7,"True","False","True","False","Arenoso","Historicamente alagavel","True"
"188",187,36307,50811,4,2,11,13,24,"False","False","True","False","Humífero","Historicamente alagavel","False"
"189",188,58311,59888,24,16,270,38,101,"False","True","False","True","Argiloso",NA,"True"
"190",189,15494,12957,0,27,229,7,21,"False","False","True","False","Arenoso",NA,"False"
"191",190,4942,5839,19,31,190,11,73,"True","False","True","False","Argiloso",NA,"False"
"192",191,48077,46798,13,78,105,21,41,"True","False","False","True","Arenoso",NA,"True"
"193",192,189694,206849,0,23,112,21,31,"False","False","True","False","Arenoso",NA,"False"
"194",193,48722,53711,20,8,16,23,81,"True","False","True","False","Argiloso",NA,"False"
"195",194,12785,10080,0,11,412,12,16,"True","True","True","False","Humífero",NA,"True"
"196",195,69563,104277,0,67,99,11,4,"True","False","False","False","Argiloso",NA,"False"
"197",196,161336,160469,38,64,96,16,47,"True","False","False","False","Argiloso",NA,"False"
"198",197,13710,11616,0,41,205,19,5,"True","False","True","False","Humífero","Queimada Recente","False"
"199",198,135362,143754,0,21,85,22,31,"False","False","True","False","Arenoso","Mare alta","False"
"200",199,45659,35554,0,15,145,24,28,"False","False","True","True","Arenoso",NA,"False"
"201",200,17576,19028,19,36,99,-3,59,"False","True","False","False","Arenoso",NA,"False"
"202",201,12849,13342,15,16,138,15,73,"False","True","True","False","Arenoso","Queimada Recente","False"
"203",202,61385,74668,42,74,136,9,37,"False","False","True","False","Arenoso","Queimada Recente","True"
"204",203,67475,69030,27,8,234,10,43,"False","False","False","False","Arenoso",NA,"False"
"205",204,41860,46521,0,64,96,-3,12,"False","False","True","True","Arenoso",NA,"False"
"206",205,18810,19183,14,78,254,28,62,"True","False","True","False","Humífero",NA,"False"
"207",206,104711,142648,22,14,80,29,49,"True","True","True","False","Humífero",NA,"False"
"208",207,5911,9610,41,42,94,25,26,"False","False","False","False","Humífero",NA,"True"
"209",208,45957,75473,0,17,142,26,31,"False","True","True","True","Arenoso",NA,"True"
"210",209,32559,36992,0,4,143,18,3,"False","False","True","False","Argiloso","Queimada Recente","False"
"211",210,31703,65664,0,1,343,34,3,"False","True","False","True","Arenoso",NA,"True"
"212",211,31713,17324,0,15,23,29,28,"False","False","False","False","Arenoso",NA,"False"
"213",212,13757,12216,44,37,73,19,31,"True","False","False","False","Argiloso",NA,"True"
"214",213,80051,101113,18,38,20,6,25,"False","False","True","False","Arenoso",NA,"False"
"215",214,12780,18729,4,15,85,27,15,"False","True","False","False","Argiloso",NA,"False"
"216",215,144180,234530,0,37,314,17,6,"True","True","False","True","Arenoso",NA,"True"
"217",216,44873,43969,0,60,287,26,26,"False","False","False","True","Humífero",NA,"False"
"218",217,38856,49605,23,34,7,24,29,"False","False","False","False","Arenoso",NA,"False"
"219",218,143269,236258,0,10,57,29,9,"True","False","True","False","Arenoso","Historicamente alagavel","True"
"220",219,35910,51890,9,74,49,28,7,"True","False","True","True","Arenoso",NA,"False"
"221",220,40536,35608,0,0,10,30,21,"False","False","True","False","Arenoso",NA,"False"
"222",221,129438,124786,0,28,69,33,8,"True","False","True","True","Arenoso",NA,"True"
"223",222,55274,69339,0,35,49,16,9,"False","True","True","True","Arenoso","Mare alta","False"
"224",223,62333,64953,0,13,320,32,2,"False","False","True","False","Humífero",NA,"False"
"225",224,58400,35704,0,65,245,7,18,"True","False","True","False","Arenoso",NA,"False"
"226",225,30824,41328,8,61,278,19,20,"False","True","False","True","Argiloso",NA,"False"
"227",226,37791,60700,20,41,39,31,21,"True","False","True","False","Arenoso",NA,"True"
"228",227,10483,8688,0,3,38,15,26,"False","True","True","False","Arenoso","Mare alta","False"
"229",228,109986,174612,0,2,190,19,7,"False","True","True","False","Arenoso",NA,"True"
"230",229,121193,135721,54,25,373,3,56,"False","True","True","False","Arenoso",NA,"False"
"231",230,30003,21454,0,39,364,9,10,"True","False","False","True","Arenoso",NA,"False"
"232",231,5941,65664,0,42,423,25,18,"False","False","True","False","Argiloso",NA,"True"
"233",232,51568,44152,38,68,101,33,86,"True","False","True","False","Arenoso","Mare alta","True"
"234",233,66807,82577,48,0,146,24,88,"False","False","False","True","Arenoso","Mare alta","True"
"235",234,166710,208121,47,6,77,26,79,"False","False","False","False","Arenoso",NA,"True"
"236",235,72409,102288,31,55,7,31,33,"False","False","True","False","Argiloso","Historicamente alagavel","False"
"237",236,43567,30909,0,64,107,27,6,"True","False","True","True","Arenoso",NA,"False"
"238",237,9522,12310,15,59,166,24,56,"False","False","True","False","Arenoso",NA,"False"
"239",238,66230,103996,0,51,108,8,9,"True","False","True","True","Arenoso",NA,"True"
"240",239,45931,63708,0,0,196,2,30,"False","False","True","True","Arenoso",NA,"False"
"241",240,90799,65664,0,12,34,15,23,"False","True","False","True","Argiloso",NA,"False"
"242",241,130044,121097,36,15,157,34,37,"True","False","False","True","Arenoso",NA,"True"
"243",242,19280,19819,0,94,475,10,16,"True","False","False","False","Argiloso","Queimada Recente","False"
"244",243,30714,65664,23,68,112,27,77,"False","True","True","True","Argiloso","Queimada Recente","True"
"245",244,108249,132114,0,48,140,27,4,"False","False","True","True","Arenoso",NA,"False"
"246",245,26117,21333,44,61,57,17,35,"False","False","False","False","Arenoso",NA,"True"
"247",246,24306,24492,14,22,118,25,84,"True","False","True","False","Argiloso",NA,"False"
"248",247,31859,29325,0,8,153,17,7,"True","False","False","True","Humífero",NA,"False"
"249",248,109200,95199,0,74,411,14,5,"False","False","False","True","Argiloso",NA,"False"
"250",249,43011,43932,7,0,54,21,6,"False","False","False","False","Humífero",NA,"False"
"251",250,80176,102403,13,84,148,20,38,"False","False","True","False","Arenoso",NA,"False"
"252",251,37609,45845,18,73,328,28,24,"False","True","True","False","Humífero",NA,"False"
"253",252,7022,4699,34,64,202,14,47,"True","False","False","False","Arenoso",NA,"False"
"254",253,42641,29525,0,36,131,29,5,"True","False","True","False","Arenoso",NA,"False"
"255",254,92167,111695,7,4,246,-3,31,"False","False","True","False","Humífero",NA,"False"
"256",255,57464,52942,0,64,102,18,29,"False","False","True","True","Arenoso",NA,"False"
"257",256,10257,8676,0,77,47,20,27,"False","False","False","True","Arenoso",NA,"False"
"258",257,58466,92060,45,65,202,11,54,"False","False","True","True","Arenoso","Mare alta","True"
"259",258,72082,45769,0,74,72,18,32,"True","False","True","False","Arenoso",NA,"False"
"260",259,39867,38403,52,24,305,7,32,"False","False","True","False","Humífero",NA,"False"
"261",260,184564,231579,0,59,17,26,9,"False","False","True","False","Arenoso",NA,"False"
"262",261,82290,97336,51,46,36,2,26,"True","False","False","False","Argiloso",NA,"True"
"263",262,21002,17660,15,84,161,21,72,"False","False","True","False","Arenoso","Historicamente alagavel","False"
"264",263,94229,80764,0,13,62,3,8,"False","False","True","False","Arenoso",NA,"False"
"265",264,161050,151681,0,46,302,26,3,"False","True","True","True","Arenoso",NA,"False"
"266",265,15289,14421,8,27,99,24,34,"False","True","True","True","Humífero",NA,"False"
"267",266,23892,19787,43,11,239,36,35,"False","True","False","False","Humífero","Queimada Recente","True"
"268",267,54109,85067,0,15,1,24,8,"True","True","True","False","Humífero","Queimada Recente","True"
"269",268,60004,32390,41,33,110,21,74,"False","False","True","False","Humífero",NA,"False"
"270",269,10920,16588,2,27,146,16,15,"False","False","True","True","Arenoso",NA,"True"
"271",270,120709,205071,19,36,27,21,40,"False","True","True","True","Arenoso","Queimada Recente","True"
"272",271,11687,11913,8,46,321,25,17,"False","False","False","True","Argiloso",NA,"False"
"273",272,102438,114743,0,57,108,16,2,"False","False","True","True","Arenoso",NA,"False"
"274",273,3604,5337,0,23,142,23,22,"False","True","True","False","Argiloso","Mare alta","False"
"275",274,152983,193741,0,75,213,23,11,"False","False","True","False","Argiloso","Queimada Recente","False"
"276",275,154581,190909,0,32,76,28,7,"False","False","True","True","Arenoso",NA,"False"
"277",276,59174,60617,21,2,340,22,89,"False","False","False","True","Arenoso",NA,"False"
"278",277,45996,65800,0,39,192,2,29,"False","False","True","True","Arenoso",NA,"False"
"279",278,27435,24012,25,35,136,32,36,"False","False","True","False","Arenoso",NA,"False"
"280",279,62326,67488,0,15,255,10,29,"False","True","True","False","Humífero",NA,"False"
"281",280,68374,87154,0,8,218,37,11,"False","False","True","False","Arenoso","Queimada Recente","False"
"282",281,143678,143492,15,39,155,14,20,"False","False","True","True","Argiloso",NA,"False"
"283",282,35890,42569,14,24,43,3,50,"False","False","False","True","Arenoso",NA,"False"
"284",283,121200,176458,32,63,35,9,75,"False","False","True","True","Arenoso","Historicamente alagavel","False"
"285",284,34446,47742,44,12,401,17,69,"False","True","True","False","Arenoso",NA,"True"
"286",285,80287,85759,19,13,91,1,78,"False","True","True","True","Arenoso",NA,"False"
"287",286,84375,140205,15,23,149,27,39,"False","False","True","True","Arenoso",NA,"True"
"288",287,10203,15704,0,72,226,19,15,"False","True","True","False","Humífero",NA,"True"
"289",288,9670,12125,2,19,239,29,17,"True","True","True","False","Arenoso",NA,"False"
"290",289,61057,59435,25,84,103,35,50,"False","True","True","False","Argiloso",NA,"False"
"291",290,82126,67818,46,5,451,26,39,"True","False","False","True","Arenoso",NA,"True"
"292",291,8791,11041,29,53,254,23,35,"False","False","False","True","Humífero",NA,"False"
"293",292,49012,76993,12,35,173,20,41,"False","True","True","True","Arenoso","Historicamente alagavel","True"
"294",293,58548,62526,57,16,28,29,25,"True","False","True","False","Arenoso",NA,"False"
"295",294,22508,15063,0,20,291,3,4,"True","False","True","False","Argiloso",NA,"False"
"296",295,24122,28843,0,22,302,21,8,"False","False","True","True","Argiloso",NA,"True"
"297",296,60232,63645,10,64,194,22,40,"True","False","True","False","Humífero",NA,"False"
"298",297,9649,10215,0,16,297,37,21,"False","True","True","False","Humífero",NA,"False"
"299",298,141215,65664,0,51,423,22,8,"False","False","True","False","Arenoso",NA,"True"
"300",299,64497,84488,0,61,140,8,18,"False","False","True","False","Arenoso",NA,"False"
"301",300,128296,140978,33,34,165,13,68,"True","True","True","True","Humífero","Mare alta","True"
"302",301,109288,176127,0,12,82,10,20,"False","False","False","False","Arenoso",NA,"True"
"303",302,96600,133354,0,41,207,23,6,"True","False","True","False","Argiloso",NA,"False"
"304",303,105410,177122,0,38,8,6,15,"False","False","True","False","Humífero",NA,"True"
"305",304,130737,97717,0,29,103,26,21,"False","False","True","False","Argiloso",NA,"False"
"306",305,117539,117697,0,69,46,24,22,"False","False","True","False","Argiloso",NA,"False"
"307",306,38303,47675,17,9,261,21,26,"False","True","True","False","Arenoso",NA,"False"
"308",307,48728,40565,0,6,124,21,8,"False","True","True","False","Arenoso",NA,"False"
"309",308,93025,148464,25,6,40,18,26,"False","False","False","False","Argiloso",NA,"True"
"310",309,160678,235857,0,73,188,15,26,"True","False","True","True","Humífero",NA,"False"
"311",310,31717,51160,56,29,195,11,22,"False","False","True","True","Humífero",NA,"True"
"312",311,113683,185048,19,39,371,29,49,"False","True","True","False","Argiloso",NA,"True"
"313",312,23340,41656,26,26,218,13,62,"True","False","True","True","Arenoso","Historicamente alagavel","True"
"314",313,12742,22176,0,40,44,25,24,"True","False","False","True","Arenoso","Queimada Recente","True"
"315",314,19032,14831,0,57,4,19,21,"False","False","True","False","Humífero",NA,"False"
"316",315,44261,50525,0,49,319,24,20,"False","True","True","False","Arenoso",NA,"False"
"317",316,134385,119025,27,38,236,10,42,"False","False","True","True","Arenoso","Queimada Recente","False"
"318",317,142515,169546,0,51,422,23,7,"False","True","False","False","Argiloso",NA,"True"
"319",318,42027,37271,0,40,167,12,11,"False","True","True","True","Arenoso",NA,"False"
"320",319,141401,239594,0,13,138,27,24,"False","False","True","False","Arenoso","Mare alta","True"
"321",320,18768,27165,6,13,8,16,7,"True","True","False","True","Arenoso",NA,"False"
"322",321,101579,120351,41,3,10,14,37,"True","False","True","True","Argiloso",NA,"False"
"323",322,4548,4669,0,13,47,11,14,"True","False","False","False","Arenoso","Mare alta","True"
"324",323,147468,142489,0,31,245,13,19,"True","False","False","False","Argiloso","Historicamente alagavel","False"
"325",324,85981,92887,37,15,175,21,37,"False","True","True","False","Argiloso",NA,"False"
"326",325,125425,141439,0,62,6,21,10,"True","False","False","False","Arenoso","Mare alta","True"
"327",326,175801,196843,0,29,127,18,12,"True","False","True","False","Arenoso",NA,"False"
"328",327,41863,75940,0,3,38,27,10,"False","False","True","False","Arenoso","Queimada Recente","True"
"329",328,138441,170060,35,62,59,17,22,"False","False","False","False","Humífero",NA,"False"
"330",329,20318,31951,37,69,130,15,71,"False","False","True","False","Arenoso",NA,"True"
"331",330,79694,117017,46,37,137,24,67,"False","True","False","False","Argiloso",NA,"True"
"332",331,94191,66481,24,13,209,22,35,"False","True","True","False","Arenoso","Mare alta","False"
"333",332,22471,30061,0,32,72,12,11,"False","True","True","False","Argiloso",NA,"False"
"334",333,79181,83286,0,50,184,31,7,"False","False","False","False","Argiloso",NA,"False"
"335",334,59171,58072,11,34,164,13,38,"True","True","True","False","Humífero","Historicamente alagavel","False"
"336",335,56410,82640,6,6,309,29,7,"False","True","False","True","Humífero",NA,"False"
"337",336,36836,65664,0,4,117,30,22,"False","False","True","False","Argiloso",NA,"True"
"338",337,96468,88012,35,15,282,8,37,"False","False","True","False","Humífero",NA,"False"
"339",338,66525,82831,50,60,44,35,75,"False","False","True","False","Argiloso",NA,"False"
"340",339,5593,3308,0,16,102,29,5,"False","True","False","True","Argiloso","Queimada Recente","False"
"341",340,36776,26807,25,79,252,28,38,"False","False","True","True","Arenoso",NA,"False"
"342",341,51939,52599,0,42,154,14,14,"False","False","True","False","Arenoso","Historicamente alagavel","False"
"343",342,118541,164608,33,65,114,21,78,"False","True","True","True","Arenoso",NA,"True"
"344",343,43183,44268,0,38,38,35,11,"False","True","False","False","Humífero",NA,"False"
"345",344,11779,14908,0,96,176,17,9,"True","False","False","True","Arenoso",NA,"False"
"346",345,106600,106562,0,17,22,27,26,"False","False","True","False","Arenoso",NA,"False"
"347",346,40286,61589,36,67,315,3,40,"True","False","True","False","Argiloso",NA,"True"
"348",347,102099,161791,0,50,155,21,11,"False","False","True","False","Arenoso",NA,"True"
"349",348,26415,23564,0,9,45,19,7,"False","False","True","False","Arenoso",NA,"False"
"350",349,110962,201440,32,72,196,11,26,"False","False","True","True","Humífero",NA,"True"
"351",350,40454,44899,37,27,171,31,61,"True","True","True","True","Arenoso",NA,"True"
"352",351,14421,11415,10,25,220,19,62,"False","False","False","False","Arenoso",NA,"False"
"353",352,49611,43723,0,10,201,17,15,"False","False","True","False","Arenoso",NA,"False"
"354",353,13346,20869,14,15,32,37,83,"True","False","True","False","Arenoso",NA,"True"
"355",354,88035,67448,0,85,7,15,30,"False","False","False","False","Argiloso",NA,"False"
"356",355,72829,74557,12,49,45,16,54,"True","False","True","True","Arenoso",NA,"False"
"357",356,10138,7129,30,64,19,21,29,"False","True","True","False","Arenoso",NA,"False"
"358",357,52244,75602,49,85,306,21,36,"False","True","True","False","Arenoso",NA,"True"
"359",358,171458,162577,0,54,136,35,26,"False","False","True","False","Arenoso",NA,"False"
"360",359,161241,125886,0,61,49,28,22,"True","False","False","True","Arenoso",NA,"False"
"361",360,46812,48460,20,8,22,8,89,"False","False","True","False","Arenoso",NA,"False"
"362",361,72815,77764,0,8,137,24,31,"False","True","False","True","Arenoso",NA,"False"
"363",362,118688,117653,0,24,330,23,8,"False","False","True","False","Argiloso",NA,"False"
"364",363,90352,78832,12,86,189,21,34,"False","True","False","False","Arenoso",NA,"False"
"365",364,132473,211923,7,35,344,20,27,"True","False","True","False","Arenoso",NA,"True"
"366",365,67060,90835,21,62,25,8,63,"True","False","False","False","Arenoso","Historicamente alagavel","False"
"367",366,61042,89221,0,37,95,21,4,"True","False","True","True","Arenoso",NA,"True"
"368",367,40922,51033,0,69,9,18,10,"True","False","False","True","Arenoso",NA,"False"
"369",368,102458,65664,6,42,142,34,16,"False","True","False","False","Arenoso",NA,"True"
"370",369,49617,46795,50,34,124,21,29,"True","False","False","False","Argiloso",NA,"True"
"371",370,65381,40786,53,18,197,25,57,"False","False","True","True","Humífero",NA,"False"
"372",371,109513,145992,44,40,295,27,22,"False","True","True","False","Argiloso","Mare alta","False"
"373",372,90752,102115,52,7,127,26,24,"False","False","False","True","Humífero",NA,"True"
"374",373,20858,33510,4,1,374,39,22,"False","False","True","True","Arenoso",NA,"True"
"375",374,71674,72419,0,43,13,22,32,"False","False","True","False","Humífero",NA,"False"
"376",375,22534,25672,0,11,46,28,11,"False","True","True","False","Arenoso",NA,"False"
"377",376,118686,202861,29,70,42,12,48,"False","False","True","False","Argiloso",NA,"True"
"378",377,168693,221380,0,61,236,26,9,"False","False","False","False","Humífero","Queimada Recente","False"
"379",378,6117,8112,5,19,294,22,22,"True","True","True","True","Argiloso",NA,"False"
"380",379,102818,107798,0,19,46,25,15,"True","True","True","True","Humífero",NA,"False"
"381",380,127413,106824,0,28,201,28,17,"False","False","True","True","Arenoso",NA,"False"
"382",381,45243,65664,0,40,162,12,24,"False","False","False","False","Humífero",NA,"True"
"383",382,52052,53297,0,39,60,9,8,"False","False","True","False","Humífero",NA,"False"
"384",383,125500,146630,50,15,225,26,47,"False","False","False","False","Arenoso",NA,"True"
"385",384,68009,59410,6,36,236,6,21,"True","False","False","False","Argiloso",NA,"False"
"386",385,13027,11803,0,12,251,27,30,"False","True","False","True","Argiloso","Mare alta","False"
"387",386,70687,65664,33,7,265,8,39,"True","True","False","False","Arenoso",NA,"True"
"388",387,70186,53027,4,29,60,-3,2,"False","False","False","False","Arenoso",NA,"False"
"389",388,15116,15745,7,55,183,28,8,"False","True","True","False","Arenoso",NA,"False"
"390",389,31850,30647,0,41,85,21,20,"False","False","False","True","Argiloso",NA,"True"
"391",390,31563,19752,0,34,343,33,13,"True","False","True","False","Argiloso","Queimada Recente","False"
"392",391,62988,58362,0,59,178,7,35,"True","False","True","False","Argiloso",NA,"False"
"393",392,50089,67030,0,25,154,34,11,"True","True","False","True","Argiloso",NA,"True"
"394",393,55304,76873,0,29,137,4,20,"False","True","True","False","Arenoso",NA,"False"
"395",394,137234,110867,2,57,179,20,5,"True","False","True","False","Argiloso",NA,"False"
"396",395,24403,32836,0,2,119,5,32,"False","False","True","True","Argiloso",NA,"False"
"397",396,30716,52241,0,73,164,13,15,"False","False","True","False","Arenoso",NA,"True"
"398",397,146656,125630,0,18,170,15,7,"False","False","True","False","Arenoso",NA,"False"
"399",398,97035,118382,0,5,10,32,3,"False","True","False","True","Argiloso",NA,"True"
"400",399,5501,3779,37,34,136,36,76,"False","False","True","False","Arenoso",NA,"False"
"401",400,39963,22405,0,33,14,21,15,"False","False","True","False","Arenoso","Mare alta","False"
"402",401,87847,59614,22,29,71,24,75,"False","False","True","False","Arenoso",NA,"False"
"403",402,59605,93068,0,16,199,21,4,"False","False","False","False","Arenoso",NA,"True"
"404",403,68097,70563,0,43,213,9,5,"False","True","True","False","Arenoso",NA,"False"
"405",404,49768,60487,21,6,18,15,74,"True","False","False","True","Arenoso",NA,"False"
"406",405,130680,144043,0,18,358,35,11,"False","True","False","True","Arenoso","Queimada Recente","True"
"407",406,92412,90159,5,9,213,21,10,"False","True","True","False","Arenoso",NA,"False"
"408",407,43864,49966,0,82,99,9,7,"False","False","False","True","Argiloso",NA,"False"
"409",408,30260,45142,29,10,78,6,45,"True","False","True","False","Arenoso",NA,"False"
"410",409,50428,57451,0,91,49,21,28,"True","False","True","True","Argiloso",NA,"True"
"411",410,106816,128157,18,17,466,18,26,"True","True","False","False","Argiloso",NA,"True"
"412",411,122365,177265,35,45,223,28,36,"False","True","False","True","Argiloso",NA,"False"
"413",412,47271,67512,0,4,345,20,6,"False","True","True","True","Argiloso",NA,"False"
"414",413,131663,164241,37,3,183,24,33,"True","False","False","True","Arenoso",NA,"False"
"415",414,12401,16398,43,40,170,23,62,"False","False","True","False","Arenoso",NA,"False"
"416",415,189143,313249,0,21,55,34,14,"False","False","True","False","Arenoso",NA,"True"
"417",416,26344,33780,0,15,33,10,5,"True","False","True","False","Arenoso","Queimada Recente","False"
"418",417,5072,6803,27,23,282,32,84,"True","False","True","False","Arenoso",NA,"False"
"419",418,124323,121213,46,46,133,20,81,"True","False","False","True","Argiloso","Historicamente alagavel","True"
"420",419,91371,76878,41,37,145,25,100,"False","False","False","True","Humífero",NA,"True"
"421",420,66697,49789,0,28,45,9,16,"True","True","True","True","Arenoso",NA,"False"
"422",421,82142,147854,35,1,35,17,26,"False","False","True","False","Argiloso",NA,"True"
"423",422,43026,72164,2,5,9,21,24,"False","False","False","True","Argiloso",NA,"True"
"424",423,105828,122633,0,69,346,12,10,"False","True","True","False","Argiloso",NA,"False"
"425",424,59041,60151,0,25,126,21,9,"False","True","False","True","Humífero",NA,"True"
"426",425,91838,138140,0,2,93,25,35,"False","False","True","False","Arenoso",NA,"True"
"427",426,49167,91068,13,51,34,21,80,"False","False","False","False","Arenoso",NA,"True"
"428",427,71357,87748,0,50,44,30,15,"True","False","True","True","Argiloso",NA,"False"
"429",428,8019,5495,27,54,123,14,52,"False","True","False","True","Arenoso",NA,"False"
"430",429,16214,17226,27,28,90,21,60,"False","False","True","True","Arenoso","Historicamente alagavel","True"
"431",430,80220,110656,8,44,322,21,3,"False","False","True","True","Arenoso",NA,"False"
"432",431,23086,36068,0,52,80,25,4,"False","False","True","True","Arenoso",NA,"True"
"433",432,83712,97589,0,3,289,20,8,"True","False","True","False","Argiloso",NA,"False"
"434",433,91539,131562,0,74,184,10,4,"False","False","True","False","Arenoso",NA,"False"
"435",434,26926,38048,0,3,34,21,10,"False","False","True","True","Arenoso",NA,"False"
"436",435,87617,57236,8,53,178,36,7,"False","True","False","True","Arenoso","Mare alta","True"
"437",436,35567,23437,25,77,299,17,23,"False","False","True","True","Argiloso",NA,"False"
"438",437,164295,249551,0,25,85,22,8,"False","False","True","True","Arenoso",NA,"True"
"439",438,143837,143395,31,12,267,29,25,"True","False","False","True","Argiloso","Mare alta","True"
"440",439,138977,126573,0,72,140,19,6,"True","True","True","False","Argiloso",NA,"False"
"441",440,72734,65851,0,88,373,14,6,"False","False","True","False","Arenoso",NA,"False"
"442",441,170716,152291,0,65,257,7,15,"False","True","True","False","Arenoso",NA,"False"
"443",442,25246,29863,31,10,359,25,67,"True","True","True","True","Humífero",NA,"False"
"444",443,175633,228695,0,37,117,27,8,"True","False","True","False","Argiloso",NA,"False"
"445",444,32497,21797,0,1,67,0,13,"False","False","True","True","Argiloso","Queimada Recente","False"
"446",445,19762,23777,6,16,112,17,5,"False","True","True","False","Arenoso",NA,"False"
"447",446,49348,54694,0,40,46,15,17,"False","True","True","False","Arenoso",NA,"False"
"448",447,103285,94995,0,37,85,25,7,"False","True","False","False","Humífero",NA,"False"
"449",448,13284,12122,4,68,18,17,18,"False","False","False","True","Arenoso",NA,"False"
"450",449,42150,30504,0,1,62,17,12,"True","False","True","False","Arenoso",NA,"False"
"451",450,40539,44416,5,41,349,29,14,"False","True","True","True","Argiloso",NA,"False"
"452",451,30666,49685,21,58,98,29,54,"False","False","True","False","Humífero",NA,"True"
"453",452,109443,178712,0,29,488,10,14,"False","True","True","True","Argiloso",NA,"True"
"454",453,106156,100870,11,29,384,21,71,"True","False","True","False","Argiloso",NA,"False"
"455",454,42246,55827,16,40,259,16,57,"False","False","False","True","Arenoso",NA,"False"
"456",455,8598,6285,0,14,168,21,14,"True","True","False","False","Arenoso",NA,"False"
"457",456,97404,104384,10,10,272,14,23,"False","True","True","True","Argiloso",NA,"False"
"458",457,28362,30434,40,34,276,19,75,"False","False","False","False","Arenoso",NA,"False"
"459",458,31628,27062,40,9,72,9,101,"False","True","False","False","Argiloso",NA,"False"
"460",459,130368,141213,0,5,61,7,6,"False","False","True","False","Arenoso",NA,"False"
"461",460,37497,50845,30,6,150,14,31,"True","False","True","False","Humífero",NA,"False"
"462",461,61081,75333,0,32,144,25,11,"True","False","True","False","Argiloso",NA,"False"
"463",462,67766,65664,0,55,5,23,29,"True","True","False","False","Arenoso","Queimada Recente","True"
"464",463,42152,30142,24,64,102,15,35,"False","False","True","True","Arenoso",NA,"False"
"465",464,49127,48449,0,10,382,25,14,"False","True","True","True","Arenoso","Mare alta","False"
"466",465,78553,65664,17,7,107,13,47,"True","True","False","True","Arenoso",NA,"True"
"467",466,62918,72223,45,50,425,32,27,"True","False","False","True","Arenoso",NA,"True"
"468",467,92978,83338,0,44,101,35,12,"True","False","True","False","Argiloso",NA,"False"
"469",468,7997,65664,0,38,188,35,21,"False","False","True","False","Arenoso",NA,"True"
"470",469,7186,10179,36,13,127,-1,74,"True","False","True","False","Humífero",NA,"False"
"471",470,92272,152341,29,35,148,18,37,"False","True","True","False","Humífero",NA,"True"
"472",471,22392,15552,0,42,254,1,14,"False","True","True","False","Argiloso",NA,"False"
"473",472,154530,176424,0,43,1,12,9,"False","False","True","False","Arenoso",NA,"False"
"474",473,23037,24752,0,22,106,10,25,"True","True","True","True","Arenoso","Queimada Recente","False"
"475",474,27247,31669,11,6,96,35,101,"False","True","False","True","Humífero",NA,"True"
"476",475,22011,18853,0,72,9,9,12,"True","False","True","True","Humífero",NA,"False"
"477",476,192309,253783,14,51,143,-2,76,"False","False","True","True","Argiloso",NA,"False"
"478",477,82449,119403,17,0,379,9,47,"True","False","True","False","Arenoso",NA,"False"
"479",478,23546,43391,0,3,231,16,24,"False","True","True","True","Argiloso",NA,"True"
"480",479,27696,23394,5,4,325,13,33,"False","False","False","True","Arenoso",NA,"False"
"481",480,62526,70319,26,27,48,-2,57,"True","True","True","False","Argiloso",NA,"False"
"482",481,105073,62660,28,9,14,0,32,"True","False","False","False","Argiloso","Mare alta","True"
"483",482,24930,28009,54,69,198,21,67,"False","True","False","False","Argiloso",NA,"True"
"484",483,140094,244844,0,51,134,30,16,"False","False","False","False","Arenoso",NA,"True"
"485",484,22690,34442,0,12,120,19,27,"False","False","True","True","Argiloso",NA,"True"
"486",485,6370,7007,0,7,112,27,27,"False","False","True","True","Arenoso","Queimada Recente","False"
"487",486,151257,100108,37,43,264,23,37,"False","False","False","False","Arenoso","Queimada Recente","False"
"488",487,46151,65990,0,44,79,33,22,"True","False","False","False","Argiloso",NA,"False"
"489",488,85553,109330,0,5,256,19,14,"False","True","True","False","Arenoso","Queimada Recente","False"
"490",489,28227,35914,33,8,59,25,53,"False","False","True","True","Argiloso",NA,"False"
"491",490,139077,137581,24,68,133,36,57,"True","False","False","True","Argiloso",NA,"True"
"492",491,37190,27460,51,44,108,23,52,"False","False","True","False","Arenoso",NA,"False"
"493",492,4805,4713,13,54,166,23,50,"True","True","True","False","Argiloso",NA,"False"
"494",493,82133,83688,0,32,116,16,33,"False","False","True","True","Arenoso",NA,"False"
"495",494,51713,56085,0,16,22,0,23,"False","False","True","False","Humífero",NA,"False"
"496",495,16995,18475,27,49,191,21,54,"False","False","True","False","Arenoso",NA,"False"
"497",496,53231,36453,32,2,143,1,74,"True","True","False","True","Arenoso",NA,"False"
"498",497,31219,23202,0,17,141,36,11,"False","False","True","True","Argiloso",NA,"True"
"499",498,179142,203090,19,24,268,26,21,"False","False","True","True","Humífero","Queimada Recente","False"
"500",499,64052,75526,0,15,95,34,11,"False","False","True","True","Arenoso",NA,"True"
"501",500,116027,125866,4,43,10,24,5,"True","False","False","False","Arenoso",NA,"False"
"502",501,3641,3923,0,1,329,8,18,"True","True","True","True","Argiloso",NA,"False"
"503",502,11941,14120,0,17,66,37,3,"True","True","False","True","Argiloso",NA,"True"
"504",503,58482,81551,0,5,233,11,16,"False","False","True","False","Arenoso","Queimada Recente","False"
"505",504,69943,93474,0,25,159,11,25,"False","True","True","True","Arenoso",NA,"False"
"506",505,139241,65664,10,32,210,11,82,"True","True","True","False","Humífero",NA,"True"
"507",506,105246,97528,0,74,146,18,10,"False","False","False","False","Argiloso",NA,"False"
"508",507,44786,63618,0,10,50,30,32,"False","False","True","False","Argiloso",NA,"False"
"509",508,56947,67828,43,18,61,30,40,"False","True","True","False","Humífero",NA,"False"
"510",509,26046,29062,48,34,152,3,37,"True","True","False","False","Humífero",NA,"True"
"511",510,54489,74717,0,82,155,23,34,"False","False","True","True","Argiloso",NA,"False"
"512",511,4682,5093,0,19,150,26,27,"False","False","False","False","Arenoso","Historicamente alagavel","False"
"513",512,76730,67937,0,26,225,15,14,"False","True","True","False","Arenoso",NA,"False"
"514",513,39757,44427,0,22,107,30,2,"False","True","True","False","Arenoso",NA,"False"
"515",514,79187,137190,0,82,133,7,32,"True","False","True","False","Arenoso","Historicamente alagavel","True"
"516",515,13774,21026,30,42,146,8,30,"False","True","True","True","Arenoso",NA,"True"
"517",516,93600,105453,22,24,443,23,26,"False","False","True","False","Arenoso",NA,"False"
"518",517,13179,11339,20,5,19,3,64,"False","False","True","True","Arenoso",NA,"False"
"519",518,26095,18057,0,2,329,25,8,"False","True","True","True","Argiloso",NA,"False"
"520",519,101311,125520,21,20,149,29,22,"False","False","True","False","Arenoso",NA,"False"
"521",520,22998,32120,8,20,27,21,14,"False","False","True","False","Argiloso",NA,"False"
"522",521,79032,85823,18,28,147,30,45,"False","False","False","False","Argiloso",NA,"False"
"523",522,19107,20058,0,88,98,12,11,"False","False","True","True","Humífero",NA,"False"
"524",523,56785,52848,0,1,94,29,15,"True","True","False","True","Arenoso",NA,"False"
"525",524,99840,143073,0,23,36,24,28,"False","False","True","True","Arenoso",NA,"False"
"526",525,13893,15394,0,21,292,10,8,"False","False","False","False","Arenoso",NA,"False"
"527",526,9740,7091,0,22,399,12,10,"False","False","True","False","Humífero",NA,"False"
"528",527,114944,98741,0,2,16,12,16,"True","True","False","True","Argiloso","Historicamente alagavel","False"
"529",528,75961,74471,0,83,62,17,12,"True","False","False","True","Arenoso",NA,"False"
"530",529,96937,100101,0,21,217,31,22,"False","True","True","True","Argiloso","Historicamente alagavel","True"
"531",530,173492,172261,22,61,335,0,26,"False","True","False","False","Arenoso",NA,"False"
"532",531,53047,47500,11,36,156,17,25,"False","True","False","False","Argiloso",NA,"False"
"533",532,87999,61285,0,8,10,28,15,"False","False","False","False","Humífero",NA,"False"
"534",533,6280,6786,4,35,58,35,20,"True","True","True","False","Humífero","Historicamente alagavel","False"
"535",534,78760,93698,0,16,57,18,17,"True","False","False","True","Arenoso",NA,"False"
"536",535,18374,20436,60,13,77,21,37,"False","False","True","True","Arenoso",NA,"False"
"537",536,43027,49814,0,36,231,15,24,"False","True","True","False","Arenoso",NA,"False"
"538",537,130433,183747,23,30,314,-1,81,"True","False","True","False","Arenoso","Mare alta","True"
"539",538,108901,101030,0,22,317,17,10,"True","False","True","False","Arenoso",NA,"False"
"540",539,2920,3252,6,53,285,28,24,"False","True","True","False","Argiloso",NA,"False"
"541",540,169323,187005,12,7,16,22,49,"True","True","False","False","Arenoso",NA,"False"
"542",541,178686,273080,0,7,25,20,5,"False","False","False","False","Argiloso",NA,"True"
"543",542,33798,34833,47,7,127,25,52,"False","False","True","False","Argiloso",NA,"False"
"544",543,157762,169390,11,7,163,19,64,"False","False","False","False","Arenoso",NA,"False"
"545",544,18981,28828,21,36,69,16,24,"False","False","False","False","Arenoso",NA,"True"
"546",545,54893,34945,6,5,308,17,34,"False","False","False","True","Argiloso",NA,"False"
"547",546,65211,75154,34,40,12,32,44,"False","True","True","False","Humífero",NA,"False"
"548",547,51270,63505,0,11,177,12,10,"False","False","False","False","Arenoso",NA,"False"
"549",548,83366,47548,0,65,101,11,33,"True","False","True","False","Arenoso",NA,"False"
"550",549,183629,164454,25,33,112,21,32,"False","False","True","False","Humífero",NA,"False"
"551",550,73257,96243,36,63,185,12,34,"False","True","True","True","Arenoso",NA,"False"
"552",551,16559,23705,20,19,223,19,62,"False","False","True","False","Humífero",NA,"False"
"553",552,106769,138082,19,28,243,11,47,"True","False","False","False","Arenoso",NA,"False"
"554",553,58486,49261,0,62,28,23,11,"False","False","True","False","Argiloso",NA,"False"
"555",554,88316,124485,41,25,60,5,57,"False","True","False","False","Arenoso","Mare alta","True"
"556",555,118867,143811,0,32,72,21,18,"False","True","False","False","Arenoso",NA,"False"
"557",556,79389,68768,9,27,259,7,26,"True","False","False","False","Argiloso",NA,"False"
"558",557,46646,37135,0,19,388,27,8,"False","True","True","False","Humífero",NA,"False"
"559",558,76641,87521,0,43,111,32,22,"False","False","True","False","Arenoso",NA,"False"
"560",559,19729,12795,15,58,272,31,72,"False","False","False","False","Argiloso",NA,"False"
"561",560,132420,176479,3,80,146,21,21,"False","True","True","True","Argiloso",NA,"False"
"562",561,15714,20883,60,18,29,20,28,"False","True","True","False","Argiloso",NA,"False"
"563",562,112259,97415,0,44,367,36,10,"False","False","False","True","Arenoso",NA,"True"
"564",563,193206,331192,0,18,232,29,10,"False","True","False","True","Arenoso","Queimada Recente","True"
"565",564,38551,39453,0,23,167,12,14,"False","False","True","True","Humífero",NA,"False"
"566",565,63183,99638,0,43,245,32,34,"True","False","False","True","Arenoso",NA,"True"
"567",566,128254,199590,0,2,74,-2,9,"False","True","False","True","Humífero",NA,"True"
"568",567,51103,58486,42,20,52,18,45,"False","False","True","False","Argiloso",NA,"False"
"569",568,122608,102677,0,6,195,22,10,"False","False","True","False","Argiloso",NA,"False"
"570",569,51622,82155,22,35,41,26,33,"False","False","True","False","Humífero",NA,"True"
"571",570,95815,115307,34,17,269,25,49,"True","False","False","False","Arenoso",NA,"False"
"572",571,78539,65272,29,21,319,13,86,"False","False","False","False","Humífero",NA,"False"
"573",572,74299,110619,0,29,130,11,4,"True","True","False","True","Humífero",NA,"False"
"574",573,69961,125396,0,40,137,21,5,"False","True","True","True","Arenoso",NA,"True"
"575",574,50891,38450,9,82,26,21,14,"True","True","True","True","Argiloso",NA,"True"
"576",575,26758,28745,2,31,122,39,19,"True","False","False","True","Argiloso",NA,"True"
"577",576,9001,10115,43,43,67,22,36,"False","False","True","False","Arenoso",NA,"False"
"578",577,91641,47920,0,3,351,17,26,"False","True","False","False","Argiloso",NA,"False"
"579",578,4611,5528,0,72,48,-2,32,"False","False","True","True","Arenoso",NA,"False"
"580",579,89089,119890,43,40,147,37,47,"False","False","True","False","Arenoso",NA,"False"
"581",580,93956,126400,24,30,214,16,26,"False","False","True","True","Argiloso",NA,"False"
"582",581,35108,54218,36,43,6,3,84,"False","True","True","True","Argiloso",NA,"True"
"583",582,34954,28888,0,12,257,34,40,"False","True","True","False","Arenoso",NA,"False"
"584",583,13121,21703,6,3,310,21,17,"True","True","True","False","Arenoso","Historicamente alagavel","True"
"585",584,64126,81400,20,14,410,21,39,"False","True","True","False","Argiloso",NA,"True"
"586",585,78054,106516,33,42,183,33,54,"True","True","False","True","Arenoso",NA,"True"
"587",586,29861,48397,0,1,109,26,7,"False","True","True","True","Humífero","Queimada Recente","True"
"588",587,34931,42944,0,48,107,23,23,"True","False","True","True","Arenoso",NA,"False"
"589",588,56711,65455,3,8,48,14,15,"False","False","True","False","Humífero",NA,"False"
"590",589,62405,55630,45,4,158,24,42,"False","False","True","True","Arenoso","Queimada Recente","False"
"591",590,77898,107615,0,36,173,21,8,"False","False","True","True","Argiloso",NA,"True"
"592",591,77636,101383,36,11,111,15,101,"True","False","False","False","Argiloso",NA,"False"
"593",592,13147,22278,0,7,18,32,15,"False","True","False","True","Humífero",NA,"True"
"594",593,63541,53192,0,87,247,19,20,"False","True","True","True","Argiloso",NA,"False"
"595",594,29080,25575,24,33,150,10,41,"False","True","True","False","Humífero",NA,"False"
"596",595,59816,72670,0,24,254,11,10,"False","False","True","False","Arenoso",NA,"False"
"597",596,42535,34098,11,58,193,11,21,"False","False","False","False","Arenoso",NA,"False"
"598",597,109597,119351,42,10,169,18,61,"True","True","True","False","Humífero",NA,"False"
"599",598,52947,63956,0,19,183,9,8,"False","False","False","True","Arenoso",NA,"False"
"600",599,57340,83413,14,58,195,25,23,"False","False","False","False","Arenoso",NA,"False"
"601",600,53348,65014,55,21,285,37,43,"False","False","True","False","Argiloso",NA,"False"
"602",601,160240,168256,0,1,271,19,4,"True","False","False","False","Arenoso","Mare alta","True"
"603",602,44223,61208,0,2,36,32,19,"True","False","True","False","Arenoso","Queimada Recente","False"
"604",603,108661,192050,24,33,33,14,79,"False","True","True","False","Arenoso",NA,"True"
"605",604,105657,65664,0,13,180,36,8,"True","False","False","False","Argiloso",NA,"True"
"606",605,186945,202047,0,17,216,3,9,"False","True","False","False","Argiloso",NA,"False"
"607",606,29333,44016,0,4,80,19,28,"True","False","False","True","Argiloso","Historicamente alagavel","True"
"608",607,23141,28475,33,37,363,25,67,"False","False","True","False","Humífero",NA,"False"
"609",608,67406,71617,42,17,389,20,37,"False","True","True","False","Humífero",NA,"False"
"610",609,123185,137897,58,24,281,9,90,"False","False","False","False","Arenoso",NA,"True"
"611",610,51961,72963,0,52,78,33,28,"False","False","True","False","Argiloso",NA,"False"
"612",611,26434,37839,38,19,11,22,26,"False","False","False","False","Argiloso","Queimada Recente","False"
"613",612,53557,62213,5,10,191,32,37,"True","False","True","False","Argiloso",NA,"False"
"614",613,78166,76411,0,39,93,26,15,"False","False","True","False","Arenoso","Queimada Recente","False"
"615",614,5556,9408,0,4,31,30,13,"False","False","True","False","Argiloso",NA,"True"
"616",615,112103,95135,0,35,218,11,10,"False","False","True","False","Arenoso",NA,"False"
"617",616,26606,25508,0,62,338,18,33,"True","False","True","True","Argiloso",NA,"False"
"618",617,83010,103685,30,79,195,31,25,"False","False","True","False","Arenoso","Mare alta","False"
"619",618,124182,135335,59,9,313,6,72,"False","False","False","False","Arenoso",NA,"True"
"620",619,118292,158399,30,30,379,22,23,"False","False","True","False","Argiloso",NA,"False"
"621",620,24567,30896,9,49,88,30,19,"False","True","True","False","Arenoso",NA,"False"
"622",621,29733,28932,9,49,179,27,18,"False","True","False","False","Humífero",NA,"False"
"623",622,12594,15130,0,32,82,33,18,"True","False","False","True","Arenoso",NA,"True"
"624",623,58842,35674,16,47,78,28,99,"False","False","True","False","Arenoso",NA,"False"
"625",624,22125,27476,0,3,77,24,16,"True","False","True","True","Argiloso",NA,"False"
"626",625,14100,11137,0,11,30,17,11,"False","False","False","True","Argiloso",NA,"False"
"627",626,48883,76649,0,5,23,9,19,"False","False","True","False","Argiloso",NA,"True"
"628",627,157940,262252,0,75,193,21,32,"False","False","True","False","Argiloso","Mare alta","True"
"629",628,56943,91782,0,5,52,29,12,"False","True","True","True","Argiloso","Queimada Recente","True"
"630",629,50715,59520,0,25,49,18,10,"False","False","False","False","Argiloso",NA,"False"
"631",630,136117,141402,0,49,341,8,19,"True","False","False","True","Arenoso",NA,"False"
"632",631,35536,45251,39,15,334,18,22,"False","True","False","False","Argiloso",NA,"False"
"633",632,72211,70081,39,15,83,6,32,"False","False","True","False","Argiloso",NA,"False"
"634",633,70130,68897,15,38,217,25,38,"False","True","True","False","Humífero",NA,"False"
"635",634,73971,81224,5,1,39,3,21,"True","True","True","True","Arenoso",NA,"False"
"636",635,107783,66066,27,22,47,19,24,"False","True","True","False","Argiloso",NA,"False"
"637",636,70574,130152,48,3,33,24,39,"True","True","True","False","Arenoso",NA,"True"
"638",637,112726,77949,0,5,242,27,26,"False","True","True","False","Arenoso",NA,"False"
"639",638,82415,81255,0,0,319,19,30,"True","False","False","True","Arenoso",NA,"False"
"640",639,131683,205811,0,16,351,29,11,"False","False","True","True","Humífero",NA,"True"
"641",640,193251,148857,0,60,160,12,18,"True","False","True","True","Argiloso","Mare alta","True"
"642",641,32673,65664,0,24,333,28,36,"False","False","True","True","Humífero",NA,"True"
"643",642,68614,56306,0,15,94,25,24,"False","True","True","False","Arenoso",NA,"False"
"644",643,92805,125688,0,12,101,34,8,"True","True","False","False","Arenoso","Historicamente alagavel","False"
"645",644,64653,59757,22,15,294,14,56,"True","False","True","False","Humífero","Mare alta","True"
"646",645,39459,42541,0,43,26,17,23,"False","False","True","False","Arenoso",NA,"False"
"647",646,6201,6761,17,2,197,21,27,"False","False","True","False","Humífero",NA,"False"
"648",647,142061,181648,6,34,10,11,6,"True","True","True","True","Arenoso",NA,"False"
"649",648,27405,22344,0,52,381,35,8,"False","False","True","False","Arenoso",NA,"False"
"650",649,115952,120722,0,71,33,22,9,"False","False","True","True","Argiloso",NA,"False"
"651",650,135068,156270,23,51,466,23,65,"True","False","True","True","Arenoso",NA,"False"
"652",651,72474,99251,15,9,323,17,58,"False","False","True","True","Argiloso",NA,"False"
"653",652,93218,128572,0,25,344,11,23,"True","False","True","False","Arenoso",NA,"False"
"654",653,74705,60402,0,41,191,8,8,"False","True","True","False","Arenoso",NA,"False"
"655",654,156987,237864,41,13,364,14,30,"False","False","True","True","Arenoso",NA,"True"
"656",655,17862,16334,28,28,66,37,29,"True","False","False","False","Argiloso",NA,"False"
"657",656,70857,69727,10,42,298,12,41,"False","False","True","True","Arenoso",NA,"False"
"658",657,145858,250975,0,5,483,31,9,"False","False","False","False","Arenoso",NA,"True"
"659",658,49038,36941,10,55,210,30,30,"False","False","True","False","Arenoso","Queimada Recente","False"
"660",659,8427,10912,0,39,223,14,16,"True","True","True","True","Arenoso",NA,"False"
"661",660,158479,164927,14,9,39,3,68,"False","True","True","True","Humífero",NA,"False"
"662",661,137481,140655,0,8,404,16,3,"False","False","True","False","Argiloso","Historicamente alagavel","False"
"663",662,16273,14191,0,69,140,19,8,"False","True","True","True","Humífero",NA,"False"
"664",663,76591,117393,0,35,456,12,27,"True","True","True","True","Arenoso",NA,"True"
"665",664,44147,71740,0,32,93,22,10,"False","False","True","False","Argiloso",NA,"True"
"666",665,182931,284823,9,9,46,18,17,"False","True","True","False","Arenoso",NA,"True"
"667",666,138940,130109,28,56,189,11,23,"True","True","True","False","Argiloso",NA,"False"
"668",667,44638,48345,48,42,479,22,48,"False","True","False","True","Humífero",NA,"True"
"669",668,74437,65802,21,50,228,19,61,"True","False","False","False","Arenoso",NA,"False"
"670",669,118995,181610,0,26,87,14,20,"False","False","True","False","Argiloso",NA,"True"
"671",670,128550,178958,0,20,317,16,18,"False","True","True","True","Arenoso",NA,"False"
"672",671,22938,27825,0,30,145,20,13,"False","False","True","False","Argiloso",NA,"False"
"673",672,21892,15269,0,31,45,32,17,"False","False","False","False","Arenoso",NA,"False"
"674",673,87156,86431,0,3,341,2,7,"True","True","True","False","Humífero",NA,"False"
"675",674,161781,126221,37,17,20,8,26,"False","False","True","True","Arenoso","Queimada Recente","False"
"676",675,110428,128395,7,26,11,15,28,"True","False","False","False","Arenoso",NA,"False"
"677",676,38366,42376,0,23,32,13,23,"False","False","True","True","Arenoso",NA,"False"
"678",677,64263,46422,0,56,131,32,15,"False","False","True","False","Argiloso",NA,"False"
"679",678,70299,69150,39,21,119,21,23,"False","True","False","False","Humífero",NA,"False"
"680",679,46252,57879,0,1,82,39,24,"False","True","False","True","Arenoso",NA,"True"
"681",680,59230,73623,14,17,269,26,39,"True","False","False","False","Argiloso",NA,"False"
"682",681,47496,50816,0,84,248,12,22,"False","True","True","False","Arenoso",NA,"False"
"683",682,117088,65664,5,10,302,29,9,"False","True","False","True","Argiloso","Queimada Recente","True"
"684",683,79459,101725,9,67,22,20,10,"False","False","True","False","Arenoso",NA,"False"
"685",684,97084,150750,34,25,269,16,76,"True","False","False","True","Arenoso",NA,"True"
"686",685,58144,94625,12,56,234,21,24,"True","True","False","False","Humífero","Mare alta","True"
"687",686,130050,91950,0,19,183,7,25,"False","False","False","False","Arenoso",NA,"False"
"688",687,7656,8689,0,25,264,22,34,"False","False","True","True","Arenoso",NA,"False"
"689",688,57742,64977,5,21,131,19,30,"False","False","True","True","Arenoso",NA,"False"
"690",689,8549,11582,0,38,322,23,25,"True","True","True","True","Arenoso",NA,"False"
"691",690,9127,7670,0,8,390,29,17,"True","False","True","False","Argiloso",NA,"False"
"692",691,49926,62687,0,21,369,6,16,"False","True","True","False","Arenoso",NA,"False"
"693",692,18637,35628,18,72,174,22,23,"False","True","True","True","Arenoso","Mare alta","True"
"694",693,44493,51192,0,15,239,21,10,"True","False","True","False","Arenoso",NA,"False"
"695",694,80335,111894,11,39,304,27,44,"False","True","True","True","Argiloso",NA,"False"
"696",695,75838,86879,0,32,57,7,4,"False","False","False","True","Argiloso","Queimada Recente","False"
"697",696,94087,126272,38,45,35,11,28,"False","False","False","False","Humífero",NA,"False"
"698",697,121249,107863,20,23,75,31,75,"False","False","False","True","Arenoso",NA,"True"
"699",698,121527,177835,0,87,308,18,12,"True","False","True","True","Arenoso",NA,"False"
"700",699,33990,25136,0,20,248,25,5,"False","False","True","True","Humífero",NA,"False"
"701",700,19208,21374,31,2,258,21,23,"False","False","True","False","Argiloso",NA,"False"
"702",701,128779,176910,20,5,328,22,38,"True","True","True","True","Arenoso",NA,"False"
"703",702,26839,27510,0,9,111,8,13,"True","True","True","False","Arenoso",NA,"False"
"704",703,48919,60490,0,14,245,27,6,"True","False","True","True","Arenoso",NA,"False"
"705",704,146567,173320,8,33,75,24,18,"True","True","True","True","Humífero",NA,"False"
"706",705,109035,103356,0,73,77,30,15,"False","False","False","True","Arenoso",NA,"False"
"707",706,147686,206433,44,5,326,35,21,"True","False","True","False","Arenoso","Historicamente alagavel","False"
"708",707,107352,81278,13,19,55,21,51,"False","False","False","False","Humífero",NA,"False"
"709",708,121476,122671,0,8,294,25,12,"True","False","True","False","Arenoso",NA,"False"
"710",709,34741,53221,0,18,408,21,13,"False","False","True","False","Arenoso","Queimada Recente","True"
"711",710,7850,10274,0,20,258,19,7,"True","False","False","False","Argiloso",NA,"False"
"712",711,186450,138037,0,46,277,30,7,"True","False","True","False","Arenoso",NA,"False"
"713",712,26510,36957,0,38,38,21,20,"False","False","True","False","Humífero",NA,"False"
"714",713,29437,50193,39,5,259,16,72,"True","True","True","True","Humífero",NA,"True"
"715",714,58892,103398,0,0,288,24,6,"False","True","True","True","Arenoso","Mare alta","True"
"716",715,111143,114776,0,38,132,26,11,"True","True","False","False","Arenoso",NA,"False"
"717",716,150619,268455,0,40,141,14,19,"False","False","False","False","Arenoso",NA,"True"
"718",717,71812,64898,8,42,323,28,32,"False","False","True","False","Argiloso",NA,"False"
"719",718,52192,55744,13,51,339,27,78,"True","False","False","False","Arenoso",NA,"False"
"720",719,38330,65664,35,10,9,12,29,"False","True","True","False","Arenoso","Queimada Recente","True"
"721",720,181462,289381,7,19,31,25,20,"False","False","False","False","Humífero",NA,"True"
"722",721,131484,191228,0,20,171,17,9,"False","False","True","False","Arenoso",NA,"False"
"723",722,177947,215643,0,26,172,21,22,"False","False","True","True","Arenoso","Historicamente alagavel","True"
"724",723,36887,50667,26,3,263,31,69,"False","False","True","False","Arenoso",NA,"False"
"725",724,84314,65664,0,69,390,14,4,"False","False","True","False","Argiloso",NA,"True"
"726",725,26343,41656,36,22,132,33,21,"False","True","False","True","Arenoso",NA,"True"
"727",726,33996,38344,27,35,377,10,28,"True","True","False","False","Arenoso",NA,"False"
"728",727,84814,86298,27,73,150,23,22,"False","False","False","True","Arenoso",NA,"False"
"729",728,12702,10893,0,28,251,30,11,"False","False","False","True","Argiloso","Queimada Recente","False"
"730",729,116180,137668,35,29,129,20,90,"False","True","False","True","Arenoso",NA,"False"
"731",730,97287,141292,9,74,30,24,10,"False","False","True","True","Arenoso",NA,"False"
"732",731,24648,25330,17,45,128,9,78,"True","True","True","False","Arenoso",NA,"False"
"733",732,131537,203609,0,18,286,21,6,"True","True","False","False","Argiloso",NA,"True"
"734",733,51911,47262,34,18,144,21,72,"False","False","True","True","Argiloso","Historicamente alagavel","False"
"735",734,103010,93424,20,15,36,11,80,"True","False","True","False","Humífero",NA,"False"
"736",735,135771,120322,10,44,274,17,86,"True","False","True","True","Arenoso",NA,"False"
"737",736,157998,190329,0,52,57,38,9,"False","False","True","False","Arenoso",NA,"False"
"738",737,8938,13864,33,14,15,23,54,"False","False","True","False","Arenoso",NA,"True"
"739",738,17987,65664,0,11,41,26,13,"False","False","True","False","Humífero",NA,"True"
"740",739,16447,25847,50,13,16,19,27,"False","True","True","False","Arenoso",NA,"True"
"741",740,2187,2665,36,32,195,24,53,"True","False","True","False","Arenoso",NA,"False"
"742",741,16314,14493,0,65,52,32,5,"False","False","False","False","Argiloso","Queimada Recente","False"
"743",742,97179,128407,0,74,268,22,11,"False","False","True","False","Argiloso",NA,"False"
"744",743,52779,29876,10,64,74,28,100,"True","False","False","False","Arenoso",NA,"False"
"745",744,131186,121022,0,36,432,17,17,"False","False","True","False","Arenoso",NA,"False"
"746",745,145938,108427,0,10,231,-2,9,"False","True","True","True","Argiloso",NA,"False"
"747",746,24596,42082,33,8,23,35,24,"False","True","True","True","Arenoso",NA,"True"
"748",747,97107,147249,11,78,47,33,30,"False","False","True","False","Arenoso",NA,"True"
"749",748,125088,134061,49,96,142,14,28,"False","True","True","False","Arenoso",NA,"True"
"750",749,20307,26610,19,17,158,7,81,"False","True","True","True","Arenoso",NA,"False"
"751",750,110537,80038,1,32,300,21,14,"False","True","True","False","Arenoso",NA,"False"
"752",751,107669,116121,0,14,132,30,12,"False","False","True","False","Arenoso",NA,"False"
"753",752,20181,29862,0,50,38,26,9,"False","False","True","False","Arenoso",NA,"False"
"754",753,8575,11975,8,50,69,6,21,"False","False","True","False","Humífero",NA,"False"
"755",754,75984,50343,0,50,246,21,5,"False","False","True","False","Argiloso",NA,"False"
"756",755,137219,198114,24,2,14,17,40,"False","False","True","True","Argiloso",NA,"False"
"757",756,68544,53634,49,63,177,6,43,"False","False","True","True","Humífero","Historicamente alagavel","False"
"758",757,24686,23859,29,55,241,1,100,"False","False","False","False","Arenoso",NA,"False"
"759",758,23705,19898,23,27,192,3,21,"False","True","True","False","Arenoso",NA,"False"
"760",759,69555,65664,0,23,77,28,3,"False","False","True","False","Argiloso",NA,"True"
"761",760,17513,20448,12,47,166,27,42,"False","False","False","False","Argiloso",NA,"False"
"762",761,37153,47536,0,20,294,16,6,"False","False","True","False","Arenoso",NA,"False"
"763",762,12004,13458,42,14,12,20,39,"False","False","True","False","Argiloso",NA,"False"
"764",763,86535,62401,5,28,169,26,4,"False","True","True","False","Arenoso",NA,"False"
"765",764,53455,57743,0,16,17,34,8,"False","False","False","False","Humífero",NA,"False"
"766",765,186531,215653,0,2,31,35,18,"True","False","False","False","Arenoso",NA,"False"
"767",766,31189,54906,0,28,138,31,24,"False","True","True","False","Arenoso",NA,"True"
"768",767,7266,5705,43,37,172,7,53,"False","False","True","False","Humífero",NA,"False"
"769",768,10362,11150,43,4,316,27,26,"False","False","False","False","Argiloso",NA,"True"
"770",769,58463,59750,27,53,379,24,57,"False","True","True","False","Humífero",NA,"False"
"771",770,49805,59580,0,41,219,23,13,"False","True","False","False","Humífero",NA,"False"
"772",771,79762,130182,0,30,43,19,29,"False","False","False","False","Argiloso",NA,"True"
"773",772,109434,65664,19,67,38,17,62,"True","False","True","True","Argiloso","Historicamente alagavel","True"
"774",773,55269,103497,0,3,250,18,12,"False","True","True","False","Argiloso","Historicamente alagavel","True"
"775",774,88016,65664,0,77,303,19,10,"True","True","False","True","Argiloso",NA,"True"
"776",775,22716,16943,37,63,6,33,75,"False","True","True","False","Arenoso",NA,"False"
"777",776,54333,73744,12,32,75,14,22,"True","False","False","False","Arenoso",NA,"False"
"778",777,39540,41281,0,38,313,27,15,"True","True","True","False","Arenoso","Historicamente alagavel","False"
"779",778,77014,76865,28,56,18,22,47,"True","False","True","True","Humífero",NA,"False"
"780",779,7244,6848,24,53,10,28,41,"True","True","False","False","Arenoso",NA,"False"
"781",780,97101,77351,11,61,58,27,45,"False","False","True","False","Arenoso",NA,"False"
"782",781,44678,49844,13,35,12,17,26,"False","False","False","True","Arenoso",NA,"False"
"783",782,103347,115662,43,1,201,18,85,"True","False","True","False","Argiloso","Historicamente alagavel","False"
"784",783,86787,92056,5,13,178,15,6,"False","False","True","False","Arenoso",NA,"False"
"785",784,74462,117960,0,23,230,19,4,"True","False","False","False","Argiloso",NA,"True"
"786",785,24389,21841,0,25,107,22,37,"False","True","True","True","Arenoso",NA,"False"
"787",786,56175,66593,15,26,50,22,56,"False","True","True","True","Argiloso",NA,"False"
"788",787,7078,6838,39,0,138,2,55,"False","False","True","False","Argiloso",NA,"False"
"789",788,3149,3610,25,4,172,38,69,"False","True","False","True","Humífero","Mare alta","True"
"790",789,19859,65664,21,69,307,31,88,"True","False","True","True","Argiloso",NA,"True"
"791",790,26413,46982,34,43,61,0,64,"False","True","True","True","Argiloso",NA,"True"
"792",791,8904,14785,55,44,99,29,31,"False","False","True","False","Arenoso",NA,"True"
"793",792,146442,65664,39,17,256,21,32,"False","False","True","False","Arenoso","Mare alta","True"
"794",793,8842,7632,24,17,216,21,34,"True","False","True","False","Humífero",NA,"False"
"795",794,54702,86912,31,12,224,7,23,"False","False","True","True","Arenoso",NA,"True"
"796",795,69629,86468,46,37,74,24,71,"False","False","True","False","Arenoso",NA,"False"
"797",796,119560,75633,20,24,196,-2,21,"False","False","True","False","Arenoso","Mare alta","False"
"798",797,110806,131419,0,67,205,11,9,"False","False","True","False","Arenoso",NA,"False"
"799",798,109025,96635,0,88,147,6,7,"False","False","True","False","Argiloso","Historicamente alagavel","False"
"800",799,66735,94962,48,79,158,36,80,"False","False","True","False","Argiloso",NA,"True"
"801",800,5601,5366,0,21,328,17,17,"False","True","True","True","Argiloso",NA,"False"
"802",801,7702,8107,36,9,266,21,24,"False","False","True","False","Arenoso","Queimada Recente","False"
"803",802,105520,111812,18,68,12,7,91,"False","True","False","False","Argiloso","Queimada Recente","False"
"804",803,16663,14862,40,60,6,1,52,"True","False","False","True","Arenoso",NA,"False"
"805",804,111900,166631,54,13,191,18,47,"False","False","True","False","Argiloso",NA,"False"
"806",805,184337,128000,0,54,103,34,5,"False","True","False","False","Argiloso",NA,"False"
"807",806,25306,30296,0,63,298,14,28,"False","False","False","False","Arenoso","Queimada Recente","False"
"808",807,33732,53794,0,37,247,11,16,"False","False","True","False","Argiloso",NA,"True"
"809",808,49815,38576,41,2,226,2,78,"False","False","True","True","Humífero",NA,"False"
"810",809,40331,51514,14,52,96,27,49,"False","False","True","True","Argiloso",NA,"False"
"811",810,92883,73031,11,4,335,25,30,"True","True","False","True","Humífero",NA,"False"
"812",811,33078,35537,25,26,236,14,64,"False","True","True","True","Arenoso",NA,"False"
"813",812,2735,4028,11,75,204,33,51,"False","False","True","True","Arenoso",NA,"True"
"814",813,143763,117357,6,24,395,-1,28,"False","True","False","True","Argiloso",NA,"False"
"815",814,47134,57100,37,13,316,24,35,"False","True","False","False","Arenoso",NA,"False"
"816",815,43668,48323,23,26,144,10,41,"False","False","False","False","Arenoso",NA,"False"
"817",816,48275,78087,13,6,28,17,23,"False","False","True","False","Arenoso",NA,"True"
"818",817,13429,13645,23,7,275,27,36,"False","False","True","True","Arenoso",NA,"False"
"819",818,145093,162644,19,59,134,19,108,"True","True","True","True","Arenoso",NA,"False"
"820",819,100167,161603,0,49,237,8,13,"True","False","True","True","Argiloso",NA,"True"
"821",820,10669,13729,41,50,183,15,31,"True","False","True","False","Arenoso",NA,"False"
"822",821,67538,110012,0,14,415,26,13,"False","False","False","False","Arenoso",NA,"True"
"823",822,73480,76940,0,67,150,14,4,"False","False","True","True","Argiloso",NA,"False"
"824",823,178284,175453,20,18,65,15,64,"False","False","True","False","Arenoso",NA,"False"
"825",824,156894,160483,38,57,26,24,67,"True","True","True","False","Argiloso",NA,"False"
"826",825,80341,116365,17,10,379,23,93,"False","True","True","True","Argiloso",NA,"False"
"827",826,13337,14817,0,32,365,24,19,"False","False","False","False","Humífero",NA,"False"
"828",827,138060,207803,47,24,91,24,53,"True","False","True","True","Arenoso",NA,"True"
"829",828,76507,60362,0,8,257,33,6,"False","False","True","True","Humífero",NA,"True"
"830",829,32121,48046,6,23,10,21,3,"True","False","True","True","Arenoso","Queimada Recente","True"
"831",830,150273,142260,32,36,74,26,35,"False","False","True","False","Argiloso",NA,"False"
"832",831,76629,91744,12,34,30,24,89,"False","True","True","False","Humífero",NA,"False"
"833",832,81287,65664,0,5,290,23,20,"False","False","False","False","Arenoso",NA,"True"
"834",833,77553,61532,35,40,300,21,89,"False","True","True","True","Arenoso",NA,"False"
"835",834,33027,32571,5,15,107,21,18,"True","False","True","False","Argiloso",NA,"False"
"836",835,131759,200623,28,32,146,21,50,"False","False","False","False","Humífero",NA,"True"
"837",836,74658,123949,0,73,30,-3,6,"True","False","True","False","Arenoso",NA,"True"
"838",837,126700,145496,38,32,136,12,29,"False","False","True","True","Arenoso",NA,"False"
"839",838,89718,114550,0,9,351,22,16,"False","False","False","False","Arenoso",NA,"False"
"840",839,65433,77768,27,38,161,14,100,"True","False","False","False","Arenoso",NA,"False"
"841",840,21535,20355,6,29,218,24,18,"False","False","True","True","Argiloso","Historicamente alagavel","False"
"842",841,91173,83027,0,46,165,25,21,"False","True","False","True","Arenoso",NA,"False"
"843",842,81099,93266,6,31,5,35,8,"False","True","True","False","Argiloso","Historicamente alagavel","False"
"844",843,59191,50979,0,11,219,27,3,"False","True","True","True","Argiloso",NA,"False"
"845",844,102369,118316,18,22,324,7,80,"True","True","True","False","Humífero",NA,"False"
"846",845,61887,111080,37,30,322,-1,42,"False","True","True","False","Argiloso","Historicamente alagavel","True"
"847",846,12704,16189,0,59,239,23,22,"True","False","True","False","Argiloso",NA,"False"
"848",847,18735,20566,0,38,45,25,3,"False","False","True","False","Argiloso",NA,"False"
"849",848,53979,63890,0,75,199,14,8,"False","False","False","False","Arenoso",NA,"False"
"850",849,9144,13673,0,2,73,28,8,"False","False","True","True","Arenoso",NA,"False"
"851",850,129648,165212,0,68,10,-1,9,"True","False","True","False","Argiloso",NA,"False"
"852",851,8584,6196,0,9,172,30,27,"False","False","False","False","Argiloso",NA,"False"
"853",852,14288,15704,0,60,91,38,8,"True","False","True","True","Humífero",NA,"True"
"854",853,14329,11486,0,54,109,21,21,"True","False","False","True","Argiloso",NA,"False"
"855",854,13349,21897,0,27,214,28,16,"False","False","False","False","Arenoso",NA,"True"
"856",855,85494,84728,0,26,42,9,12,"False","True","True","True","Argiloso","Queimada Recente","False"
"857",856,70335,98617,0,83,280,26,3,"False","True","True","False","Argiloso","Queimada Recente","False"
"858",857,95987,145455,5,18,184,31,12,"False","False","True","True","Argiloso",NA,"True"
"859",858,107744,121426,27,48,235,25,66,"True","False","False","False","Argiloso",NA,"False"
"860",859,105276,152197,33,1,338,34,65,"False","False","False","False","Arenoso",NA,"False"
"861",860,90031,72188,2,94,243,26,10,"False","False","False","True","Arenoso",NA,"False"
"862",861,114936,131778,0,24,167,8,14,"True","False","False","False","Arenoso",NA,"False"
"863",862,47663,44899,0,27,210,15,25,"False","False","True","False","Humífero",NA,"False"
"864",863,79196,76640,28,68,150,23,82,"False","False","False","False","Arenoso",NA,"False"
"865",864,39554,56664,7,43,446,34,10,"False","False","False","False","Humífero","Historicamente alagavel","False"
"866",865,92092,128145,0,84,100,1,33,"False","False","True","False","Humífero",NA,"False"
"867",866,53007,53997,0,29,392,17,12,"False","True","True","False","Arenoso",NA,"False"
"868",867,109109,117053,46,26,261,35,85,"True","False","False","True","Arenoso",NA,"True"
"869",868,130314,118128,34,68,256,20,21,"False","False","True","False","Argiloso",NA,"False"
"870",869,83652,101061,7,42,110,19,26,"True","False","False","False","Arenoso",NA,"False"
"871",870,64866,43041,8,12,155,13,24,"False","False","True","False","Humífero","Queimada Recente","False"
"872",871,46309,71971,53,28,197,1,22,"True","False","True","False","Argiloso",NA,"True"
"873",872,12938,21636,0,32,237,27,4,"False","True","False","True","Argiloso",NA,"True"
"874",873,43101,40575,0,9,309,30,17,"False","False","False","False","Argiloso",NA,"False"
"875",874,31152,47035,17,0,142,21,74,"False","True","False","False","Arenoso",NA,"True"
"876",875,36084,59793,32,70,36,13,39,"False","False","False","False","Humífero",NA,"True"
"877",876,42620,62446,0,26,247,22,26,"False","True","True","False","Arenoso",NA,"False"
"878",877,74059,83417,53,12,277,2,44,"False","True","True","False","Arenoso",NA,"False"
"879",878,98047,109249,19,37,111,11,90,"True","True","False","False","Humífero",NA,"False"
"880",879,92248,100982,0,8,107,25,3,"True","False","True","True","Arenoso",NA,"False"
"881",880,15541,21314,31,9,311,28,29,"False","False","True","False","Argiloso",NA,"False"
"882",881,41688,29600,0,9,173,21,9,"False","False","True","False","Arenoso",NA,"False"
"883",882,65324,62381,0,28,8,33,9,"True","False","False","False","Argiloso","Mare alta","True"
"884",883,17606,18135,41,71,104,21,79,"False","False","True","False","Arenoso",NA,"True"
"885",884,11057,10137,0,59,277,22,10,"True","False","True","False","Arenoso",NA,"False"
"886",885,190829,108477,0,37,192,19,16,"False","True","False","False","Argiloso",NA,"False"
"887",886,15609,65664,0,66,119,10,8,"False","True","False","True","Argiloso",NA,"True"
"888",887,29560,53372,0,9,48,34,16,"False","True","False","False","Arenoso",NA,"True"
"889",888,90091,82529,15,36,287,8,24,"False","True","True","True","Argiloso","Mare alta","False"
"890",889,77267,105696,37,25,139,8,47,"True","True","True","False","Arenoso",NA,"False"
"891",890,60735,95188,20,56,62,26,25,"True","False","True","True","Argiloso",NA,"True"
"892",891,102146,171509,6,54,159,29,15,"False","False","True","True","Arenoso",NA,"True"
"893",892,71325,107798,25,66,124,3,46,"True","False","True","False","Argiloso",NA,"True"
"894",893,84235,134188,1,53,255,19,8,"False","False","False","False","Arenoso",NA,"True"
"895",894,5670,3788,0,41,9,23,19,"False","False","False","False","Argiloso",NA,"False"
"896",895,57970,56760,27,32,265,3,99,"False","True","True","False","Arenoso",NA,"False"
"897",896,131078,133732,0,56,101,17,7,"True","False","True","False","Arenoso",NA,"False"
"898",897,91130,65664,0,21,211,25,16,"False","False","False","False","Arenoso",NA,"True"
"899",898,169596,164654,0,18,211,19,10,"False","False","True","False","Arenoso",NA,"False"
"900",899,21293,32510,0,13,255,2,5,"False","True","True","True","Arenoso",NA,"True"
"901",900,97187,117251,0,58,443,15,24,"False","True","True","False","Argiloso","Mare alta","True"
"902",901,37433,60972,58,55,486,29,40,"True","False","True","False","Arenoso",NA,"True"
"903",902,20992,22395,0,24,321,34,7,"False","False","True","False","Argiloso",NA,"False"
"904",903,127063,243540,15,30,77,21,28,"True","False","True","False","Arenoso",NA,"True"
"905",904,33655,22967,0,57,92,26,23,"True","False","True","False","Argiloso","Historicamente alagavel","False"
"906",905,74611,118427,0,15,74,4,31,"False","False","False","False","Argiloso",NA,"True"
"907",906,132013,65664,0,22,103,21,16,"False","False","True","False","Humífero",NA,"True"
"908",907,90342,64131,0,47,92,31,15,"False","False","False","False","Arenoso",NA,"False"
"909",908,123959,122070,15,56,39,33,21,"False","False","True","False","Humífero",NA,"False"
"910",909,95820,130974,0,93,21,20,22,"False","False","False","False","Humífero",NA,"False"
"911",910,45184,40393,0,54,212,23,9,"False","False","True","True","Humífero","Historicamente alagavel","False"
"912",911,162966,118455,48,40,382,22,21,"True","False","True","True","Humífero",NA,"False"
"913",912,111714,95059,39,29,210,10,45,"False","False","False","False","Arenoso",NA,"False"
"914",913,111717,101918,0,83,79,25,24,"False","False","True","False","Arenoso",NA,"False"
"915",914,38747,45946,0,75,42,16,14,"False","False","True","False","Arenoso",NA,"False"
"916",915,141050,196377,0,29,4,12,14,"True","False","True","True","Argiloso",NA,"False"
"917",916,75469,124148,48,17,46,5,85,"True","False","False","False","Humífero",NA,"True"
"918",917,83828,80837,0,76,111,4,16,"False","False","True","False","Arenoso",NA,"False"
"919",918,61151,46699,49,0,215,11,63,"True","False","True","False","Argiloso",NA,"False"
"920",919,29573,46578,62,77,8,14,45,"False","False","True","False","Arenoso",NA,"True"
"921",920,12990,12440,0,60,144,28,16,"False","False","True","False","Arenoso","Historicamente alagavel","False"
"922",921,164777,188932,0,68,170,29,6,"True","False","False","False","Arenoso","Historicamente alagavel","False"
"923",922,147743,121260,0,53,213,28,5,"True","False","False","False","Arenoso",NA,"False"
"924",923,60286,52794,0,70,351,27,10,"True","False","True","False","Argiloso","Historicamente alagavel","False"
"925",924,62759,81326,22,50,408,37,42,"False","True","True","True","Arenoso",NA,"True"
"926",925,96839,69543,0,55,246,12,25,"False","True","False","True","Arenoso",NA,"False"
"927",926,41671,50958,0,17,223,1,12,"False","True","True","True","Arenoso",NA,"False"
"928",927,155588,215789,0,42,249,21,29,"False","False","True","False","Humífero","Historicamente alagavel","False"
"929",928,15689,11287,3,12,94,28,31,"False","True","True","False","Argiloso",NA,"False"
"930",929,6561,6261,0,27,30,21,23,"True","False","False","True","Arenoso",NA,"True"
"931",930,49075,61957,46,12,113,21,51,"False","True","True","False","Arenoso",NA,"False"
"932",931,84796,137021,22,71,266,6,20,"True","True","True","False","Arenoso",NA,"True"
"933",932,169364,96925,0,77,19,17,8,"False","False","True","False","Arenoso",NA,"False"
"934",933,16351,18992,0,42,267,8,15,"False","False","True","False","Argiloso",NA,"False"
"935",934,35628,43067,0,17,90,34,21,"False","False","False","False","Argiloso",NA,"False"
"936",935,40678,65664,10,50,62,19,41,"True","True","True","False","Arenoso",NA,"True"
"937",936,10981,9696,0,32,263,8,12,"False","False","True","False","Arenoso",NA,"False"
"938",937,74506,65547,31,22,29,26,30,"True","True","True","True","Arenoso",NA,"False"
"939",938,40663,48721,7,13,117,5,26,"False","False","True","False","Humífero",NA,"False"
"940",939,89061,131700,0,16,40,22,3,"False","True","False","False","Arenoso","Historicamente alagavel","False"
"941",940,75522,65664,0,2,129,22,8,"False","True","False","False","Arenoso",NA,"True"
"942",941,70391,123055,0,39,223,32,21,"False","True","True","False","Argiloso",NA,"True"
"943",942,24609,21822,0,83,195,23,6,"False","False","False","True","Argiloso",NA,"False"
"944",943,47815,58285,17,12,353,35,74,"True","True","True","True","Humífero",NA,"True"
"945",944,36029,65664,0,2,175,10,16,"False","False","True","False","Argiloso",NA,"True"
"946",945,82320,60896,0,12,48,7,15,"False","False","True","False","Arenoso",NA,"False"
"947",946,116338,221094,0,37,170,25,6,"False","False","True","True","Arenoso",NA,"True"
"948",947,54007,60491,0,44,241,23,17,"False","True","True","True","Arenoso",NA,"False"
"949",948,122947,139905,11,76,125,39,52,"False","False","True","False","Arenoso",NA,"False"
"950",949,3449,6063,9,38,198,20,7,"False","False","True","False","Argiloso",NA,"True"
"951",950,65703,112450,42,20,252,27,83,"True","False","True","True","Humífero",NA,"True"
"952",951,111474,151220,11,72,132,33,68,"False","True","False","False","Arenoso",NA,"False"
"953",952,39166,65664,0,30,23,5,6,"True","False","False","False","Argiloso","Queimada Recente","True"
"954",953,106660,72671,41,28,7,28,27,"False","True","False","True","Argiloso",NA,"True"
"955",954,49884,32457,0,6,228,33,4,"False","True","True","True","Arenoso","Queimada Recente","True"
"956",955,13929,18636,15,45,200,23,47,"False","True","False","False","Argiloso",NA,"False"
"957",956,39804,48438,9,16,401,34,10,"False","False","True","True","Argiloso",NA,"True"
"958",957,51860,55935,15,35,301,18,51,"True","False","True","False","Argiloso",NA,"False"
"959",958,108021,126350,0,20,258,17,7,"False","True","True","False","Argiloso",NA,"False"
"960",959,161523,220224,41,19,16,23,40,"True","False","True","False","Arenoso",NA,"False"
"961",960,80469,132717,20,92,35,23,24,"False","False","True","False","Argiloso",NA,"True"
"962",961,38793,49416,12,29,268,9,41,"False","False","True","True","Humífero","Queimada Recente","False"
"963",962,11047,9122,49,26,161,12,24,"False","False","True","False","Humífero","Historicamente alagavel","False"
"964",963,27506,24031,4,23,6,27,4,"False","True","True","True","Arenoso",NA,"False"
"965",964,20652,15924,0,12,86,29,23,"False","False","True","False","Arenoso",NA,"False"
"966",965,151048,158262,0,52,104,28,6,"False","False","False","True","Arenoso",NA,"False"
"967",966,114820,142121,0,12,412,22,27,"False","True","True","False","Argiloso","Queimada Recente","True"
"968",967,80609,70268,0,68,40,23,7,"False","False","False","True","Arenoso",NA,"False"
"969",968,10440,7683,12,68,20,25,46,"True","False","True","False","Arenoso","Historicamente alagavel","False"
"970",969,6993,10921,0,2,8,20,14,"True","False","True","True","Argiloso",NA,"True"
"971",970,6710,9675,0,52,18,37,29,"False","True","True","False","Arenoso",NA,"False"
"972",971,49150,66686,27,44,478,22,27,"False","False","True","False","Arenoso",NA,"False"
"973",972,76934,75748,6,41,44,25,21,"False","False","False","False","Arenoso",NA,"False"
"974",973,48759,42994,26,11,130,19,58,"False","True","True","True","Arenoso","Mare alta","False"
"975",974,77243,110891,8,24,133,18,24,"False","False","True","False","Argiloso","Mare alta","False"
"976",975,31544,30561,12,45,10,28,61,"False","False","True","True","Argiloso",NA,"False"
"977",976,86511,109344,49,80,122,14,63,"False","False","True","True","Argiloso","Historicamente alagavel","True"
"978",977,166978,274298,0,43,206,10,6,"True","True","True","True","Arenoso",NA,"True"
"979",978,76550,67647,20,53,146,20,21,"True","False","True","True","Argiloso",NA,"False"
"980",979,20088,14082,0,69,349,3,7,"False","False","False","False","Arenoso",NA,"False"
"981",980,30243,27219,0,57,309,23,18,"True","False","True","False","Arenoso",NA,"False"
"982",981,104173,65664,0,56,62,34,14,"False","True","False","False","Argiloso","Queimada Recente","True"
"983",982,100700,79870,46,50,129,10,33,"False","False","True","False","Argiloso",NA,"False"
"984",983,23497,29760,8,2,339,29,15,"True","True","True","False","Argiloso",NA,"False"
"985",984,26435,32525,12,13,16,10,68,"False","False","True","True","Argiloso",NA,"False"
"986",985,43334,45374,0,12,307,25,23,"False","True","True","True","Arenoso",NA,"False"
"987",986,72195,68276,56,4,146,27,21,"True","False","True","False","Argiloso",NA,"False"
"988",987,39063,41044,0,7,161,25,7,"False","True","True","True","Humífero","Historicamente alagavel","False"
"989",988,36619,67373,0,92,137,31,31,"False","True","True","True","Argiloso",NA,"True"
"990",989,60309,93004,0,18,230,19,11,"False","True","True","True","Arenoso",NA,"True"
"991",990,9903,65664,0,1,133,33,15,"True","True","False","True","Argiloso",NA,"True"
"992",991,117901,210933,5,15,100,2,6,"True","False","True","True","Argiloso","Mare alta","True"
"993",992,16914,28645,7,30,422,14,9,"False","False","False","True","Arenoso",NA,"True"
"994",993,35791,36473,38,7,88,15,20,"False","False","True","True","Arenoso",NA,"False"
"995",994,36067,34946,7,46,104,23,5,"False","False","False","False","Arenoso",NA,"False"
"996",995,62694,95704,0,8,234,30,19,"True","False","True","True","Argiloso",NA,"True"
"997",996,31481,31071,23,20,146,11,89,"False","False","True","False","Arenoso",NA,"False"
"998",997,155024,195001,39,48,429,34,58,"False","True","True","False","Arenoso","Queimada Recente","True"
"999",998,36564,49678,29,35,59,37,63,"False","False","False","False","Argiloso",NA,"False"
"1000",999,67270,71185,5,21,17,17,33,"True","False","True","False","Argiloso",NA,"False"
